id,project_name,file_path,mode,has_output_taint,has_quantified_leak,leak_count,severity_low,severity_medium,severity_high,severity_critical,audit_result,notes
1,aes-circom-0784f74,aes-circom-0784f74\circuits\aes_256_ctr.circom,library,TRUE,FALSE,1,0,0,0,1,False Positive,Standard AES-CTR encryption. Output is ciphertext.
2,aes-circom-0784f74,aes-circom-0784f74\circuits\aes_256_encrypt.circom,library,TRUE,FALSE,1,0,0,0,1,False Positive,Standard AES block cipher. Output is ciphertext.
3,aes-circom-0784f74,aes-circom-0784f74\circuits\aes_256_key_expansion.circom,library,TRUE,FALSE,1,0,0,0,1,False Positive,Key expansion utility. Output is round keys for internal use.
4,aes-circom-0784f74,aes-circom-0784f74\circuits\aes_emulation.circom,library,TRUE,FALSE,1,0,0,0,1,False Positive,S-Box utility. Output is intermediate state.
5,aes-circom-0784f74,aes-circom-0784f74\circuits\gcm_siv_dec_2_keys.circom,library,TRUE,TRUE,1,0,0,0,1,True Positive,Outputs decrypted plaintext MSG. High risk if privacy is required.
6,aes-circom-0784f74,aes-circom-0784f74\circuits\gcm_siv_enc_2_keys.circom,library,TRUE,FALSE,1,0,0,0,1,False Positive,Standard GCM-SIV encryption. Output is Ciphertext and Tag.
7,aes-circom-0784f74,aes-circom-0784f74\circuits\gfmul_int.circom,library,TRUE,FALSE,1,0,0,0,1,False Positive,Utility component (GF Multiplication). Output is product.
8,aes-circom-0784f74,aes-circom-0784f74\circuits\helper_functions.circom,library,TRUE,TRUE,1,0,0,0,1,False Positive,Utility library. Outputs are transformed data from helper functions.
9,aes-circom-0784f74,aes-circom-0784f74\circuits\mul.circom,library,TRUE,FALSE,1,0,0,0,1,False Positive,Utility component (Multiplication). Output is product.
10,aes-circom-0784f74,aes-circom-0784f74\circuits\polyval.circom,library,TRUE,FALSE,1,0,0,0,1,False Positive,Standard Polyval hash. Output is hash result.
11,aes-circom-0784f74,aes-circom-0784f74\circuits\vclmul_emulator.circom,library,TRUE,FALSE,1,0,0,0,1,False Positive,Utility component (VCLMUL). Output is mul result.
12,circom-ecdsa,circom-ecdsa\circuits\bigint.circom,library,TRUE,TRUE,6,0,0,0,6,False Positive,BigInteger utility library. Outputs are arithmetic results of inputs.
13,circom-ecdsa,circom-ecdsa\circuits\bigint_4x64_mult.circom,library,TRUE,FALSE,1,0,0,0,1,False Positive,BigInteger multiplication utility. Output is product.
14,circom-ecdsa,circom-ecdsa\circuits\ecdsa.circom,library,FALSE,TRUE,1,1,0,0,0,False Positive,Signature verification. Leaks 1 bit (validity) which is the intended output of a ZK proof of knowledge.
15,circom-ecdsa,circom-ecdsa\circuits\eth_addr.circom,library,TRUE,FALSE,1,0,0,0,1,False Positive,Address derivation (PrivKey -> PubKey -> Address). Cryptographically safe one-way transformation (Keccak).
16,circom-ecdsa,circom-ecdsa\circuits\secp256k1.circom,library,TRUE,FALSE,1,0,0,0,1,False Positive,EC Arithmetic utility (Point Addition/Doubling). Outputs are points on curve.
17,circom-ecdsa,circom-ecdsa\circuits\secp256k1_utils.circom,library,TRUE,FALSE,1,0,0,0,1,False Positive,Field Arithmetic utility (Reduction/Multiplication). Outputs are field elements.
18,circom-ecdsa,circom-ecdsa\scripts\groupsig\groupsig.circom,library,TRUE,FALSE,1,0,0,0,1,False Positive,Group signature using MiMC hash. `msgAttestation` is `Hash(msg, privkey)`, a safe one-way commitment.
19,circom-ecdsa,circom-ecdsa\circuits\vocdoni-keccak\keccak.circom,library,TRUE,FALSE,1,0,0,0,1,False Positive,Standard Keccak-256 hash function. Output is hash digest (safe upgraded taint).
20,circom-ecdsa,circom-ecdsa\circuits\vocdoni-keccak\permutations.circom,library,TRUE,FALSE,1,0,0,0,1,False Positive,Keccak-f internal permutation. Safe as part of hash function.
21,circom-ecdsa,circom-ecdsa\circuits\vocdoni-keccak\utils.circom,library,TRUE,FALSE,1,0,0,0,1,False Positive,Bitwise utility library (XOR/AND/OR/Shift). Outputs are bitwise results.
22,circom-ecdsa,circom-ecdsa\circuits\zk-identity\eth.circom,library,TRUE,FALSE,1,0,0,0,1,False Positive,Address derivation. `address` = `Keccak(Pubkey)`. `pubkeyBits` = `Flatten(Pubkey)`. Both are standard and safe.
23,circom-pairing,circom-pairing\circuits\bigint.circom,library,TRUE,TRUE,6,0,0,0,6,,
24,circom-pairing,circom-pairing\circuits\bls12_381_hash_to_G2.circom,library,TRUE,TRUE,4,0,0,0,4,,
25,circom-pairing,circom-pairing\circuits\bls_signature.circom,library,TRUE,FALSE,1,0,0,0,1,,
26,circom-pairing,circom-pairing\circuits\curve.circom,library,TRUE,TRUE,6,0,3,0,3,,
27,circom-pairing,circom-pairing\circuits\curve_fp2.circom,library,TRUE,TRUE,6,0,3,0,3,,
28,circom-pairing,circom-pairing\circuits\extra_curve.circom,library,TRUE,TRUE,3,0,0,0,3,,
29,circom-pairing,circom-pairing\circuits\extra_field_circuits.circom,library,TRUE,TRUE,4,0,0,0,4,,
30,circom-pairing,circom-pairing\circuits\final_exp.circom,library,TRUE,FALSE,1,0,0,0,1,,
31,circom-pairing,circom-pairing\circuits\fp.circom,library,TRUE,TRUE,3,0,0,0,3,,
32,circom-pairing,circom-pairing\circuits\fp12.circom,library,TRUE,FALSE,1,0,0,0,1,,
33,circom-pairing,circom-pairing\circuits\fp2.circom,library,TRUE,TRUE,3,0,0,0,3,,
34,circom-pairing,circom-pairing\circuits\pairing.circom,library,TRUE,FALSE,1,0,0,0,1,,
35,circom-pairing,circom-pairing\test\circuits\test_fp12_compression_32.circom,library,TRUE,FALSE,1,0,0,0,1,,
36,circom-pairing,circom-pairing\circuits\bn254\curve.circom,library,TRUE,TRUE,2,0,0,0,2,,
37,circom-pairing,circom-pairing\circuits\bn254\curve_fp2.circom,library,TRUE,TRUE,6,0,3,0,3,,
38,circom-pairing,circom-pairing\circuits\bn254\final_exp.circom,library,TRUE,FALSE,1,0,0,0,1,,
39,circom-pairing,circom-pairing\circuits\bn254\fp12.circom,library,TRUE,FALSE,1,0,0,0,1,,
40,circom-pairing,circom-pairing\circuits\bn254\groth16.circom,library,TRUE,FALSE,1,0,0,0,1,,
41,circom-pairing,circom-pairing\circuits\bn254\pairing.circom,library,TRUE,FALSE,1,0,0,0,1,,
42,circom-pairing,circom-pairing\circuits\bn254\subgroup_check.circom,library,TRUE,FALSE,1,0,0,0,1,,
43,circomlib,circomlib\circuits\babyjub.circom,library,TRUE,TRUE,7,0,0,0,7,,
44,circomlib,circomlib\circuits\bitify.circom,library,TRUE,TRUE,1,0,0,0,1,,
45,circomlib,circomlib\circuits\comparators.circom,library,TRUE,TRUE,1,0,0,0,1,,
46,circomlib,circomlib\circuits\compconstant.circom,library,TRUE,FALSE,1,0,0,0,1,,
47,circomlib,circomlib\circuits\eddsamimc.circom,library,TRUE,TRUE,1,0,0,0,1,,
48,circomlib,circomlib\circuits\eddsamimcsponge.circom,library,TRUE,TRUE,1,0,0,0,1,,
49,circomlib,circomlib\circuits\eddsaposeidon.circom,library,TRUE,TRUE,1,0,0,0,1,,
50,circomlib,circomlib\circuits\escalarmul.circom,library,TRUE,TRUE,4,0,0,0,4,,
51,circomlib,circomlib\circuits\escalarmulany.circom,library,TRUE,TRUE,2,1,0,0,1,,
52,circomlib,circomlib\circuits\escalarmulfix.circom,library,TRUE,TRUE,4,0,0,0,4,,
53,circomlib,circomlib\circuits\gates.circom,library,TRUE,TRUE,3,0,0,0,3,,
54,circomlib,circomlib\circuits\mimc.circom,library,TRUE,TRUE,1,0,0,0,1,,
55,circomlib,circomlib\circuits\mimcsponge.circom,library,TRUE,FALSE,1,0,0,0,1,,
56,circomlib,circomlib\circuits\montgomery.circom,library,TRUE,FALSE,1,0,0,0,1,,
57,circomlib,circomlib\circuits\multiplexer.circom,library,FALSE,TRUE,2,2,0,0,0,,
58,circomlib,circomlib\circuits\mux1.circom,library,TRUE,TRUE,1,0,0,0,1,,
59,circomlib,circomlib\circuits\mux2.circom,library,TRUE,FALSE,1,0,0,0,1,,
60,circomlib,circomlib\circuits\mux3.circom,library,TRUE,FALSE,1,0,0,0,1,,
61,circomlib,circomlib\circuits\mux4.circom,library,TRUE,FALSE,1,0,0,0,1,,
62,circomlib,circomlib\circuits\pedersen.circom,library,TRUE,FALSE,1,0,0,0,1,,
63,circomlib,circomlib\circuits\pedersen_old.circom,library,TRUE,FALSE,1,0,0,0,1,,
64,circomlib,circomlib\circuits\pointbits.circom,library,TRUE,TRUE,1,0,0,0,1,,
65,circomlib,circomlib\circuits\poseidon.circom,library,TRUE,TRUE,1,0,0,0,1,,
66,circomlib,circomlib\circuits\poseidon_old.circom,library,TRUE,TRUE,1,0,0,0,1,,
67,circomlib,circomlib\circuits\sign.circom,library,TRUE,FALSE,1,0,0,0,1,,
68,circomlib,circomlib\circuits\switcher.circom,library,TRUE,TRUE,3,0,0,0,3,,
69,circomlib,circomlib\test\circuits\binsub_test.circom,main,TRUE,TRUE,3,0,0,0,3,,
70,circomlib,circomlib\test\circuits\escalarmulany_test.circom,main,TRUE,TRUE,4,1,0,0,3,,
71,circomlib,circomlib\test\circuits\escalarmulfix_test.circom,main,TRUE,TRUE,3,0,0,0,3,,
72,circomlib,circomlib\test\circuits\escalarmulw4table_test.circom,main,TRUE,TRUE,2,0,0,0,2,,
73,circomlib,circomlib\test\circuits\escalarmulw4table_test3.circom,main,TRUE,TRUE,2,0,0,0,2,,
74,circomlib,circomlib\test\circuits\escalarmul_min_test.circom,main,TRUE,TRUE,2,0,0,0,2,,
75,circomlib,circomlib\test\circuits\escalarmul_test.circom,main,TRUE,TRUE,3,0,0,0,3,,
76,circomlib,circomlib\test\circuits\escalarmul_test_min.circom,main,TRUE,TRUE,2,0,0,0,2,,
77,circomlib,circomlib\test\circuits\mux1_1.circom,main,TRUE,TRUE,2,0,0,0,2,,
78,circomlib,circomlib\test\circuits\mux2_1.circom,main,TRUE,TRUE,2,0,0,0,2,,
79,circomlib,circomlib\test\circuits\mux3_1.circom,main,TRUE,TRUE,2,0,0,0,2,,
80,circomlib,circomlib\test\circuits\mux4_1.circom,main,TRUE,TRUE,2,0,0,0,2,,
81,circomlib,circomlib\test\circuits\pedersen2_test.circom,main,TRUE,TRUE,1,0,0,0,1,,
82,circomlib,circomlib\test\circuits\pointbits_loopback.circom,main,TRUE,TRUE,1,0,0,0,1,,
83,circomlib,circomlib\test\circuits\sha256_2_test.circom,main,TRUE,TRUE,1,0,0,0,1,,
84,circomlib,circomlib\test\circuits\sum_test.circom,main,TRUE,TRUE,3,0,0,0,3,,
85,circomlib,circomlib\circuits\sha256\ch.circom,library,TRUE,FALSE,1,0,0,0,1,,
86,circomlib,circomlib\circuits\sha256\main.circom,main,TRUE,TRUE,1,0,0,0,1,,
87,circomlib,circomlib\circuits\sha256\maj.circom,library,TRUE,FALSE,1,0,0,0,1,,
88,circomlib,circomlib\circuits\sha256\rotate.circom,library,TRUE,FALSE,1,0,0,0,1,,
89,circomlib,circomlib\circuits\sha256\sha256.circom,library,TRUE,FALSE,1,0,0,0,1,,
90,circomlib,circomlib\circuits\sha256\sha256_2.circom,library,TRUE,FALSE,1,0,0,0,1,,
91,circomlib,circomlib\circuits\sha256\shift.circom,library,TRUE,FALSE,1,0,0,0,1,,
92,circomlib,circomlib\circuits\sha256\sigma.circom,library,TRUE,FALSE,1,0,0,0,1,,
93,circomlib,circomlib\circuits\sha256\xor3.circom,library,TRUE,FALSE,1,0,0,0,1,,
94,circomlib,circomlib\circuits\smt\smthash_mimc.circom,library,TRUE,FALSE,1,0,0,0,1,,
95,circomlib,circomlib\circuits\smt\smtlevins.circom,library,TRUE,FALSE,1,0,0,0,1,,
96,circomlib,circomlib\circuits\smt\smtprocessor.circom,library,TRUE,TRUE,6,0,0,0,6,,
97,circomlib,circomlib\circuits\smt\smtprocessorlevel.circom,library,TRUE,TRUE,4,0,0,0,4,,
98,circomlib,circomlib\circuits\smt\smtprocessorsm.circom,library,TRUE,TRUE,9,0,0,0,9,,
99,circomlib,circomlib\circuits\smt\smtverifier.circom,library,TRUE,TRUE,3,1,0,0,2,,
100,circomlib,circomlib\circuits\smt\smtverifierlevel.circom,library,TRUE,TRUE,2,0,0,0,2,,
101,circomlib,circomlib\circuits\smt\smtverifiersm.circom,library,TRUE,TRUE,8,0,0,0,8,,
102,circomlib-matrix,circomlib-matrix\circuits\matAdd.circom,library,TRUE,FALSE,1,0,0,0,1,,
103,circomlib-matrix,circomlib-matrix\circuits\matElemMul.circom,library,TRUE,FALSE,1,0,0,0,1,,
104,circomlib-matrix,circomlib-matrix\circuits\matElemPow.circom,library,TRUE,FALSE,1,0,0,0,1,,
105,circomlib-matrix,circomlib-matrix\circuits\matElemSum.circom,library,TRUE,FALSE,1,0,0,0,1,,
106,circomlib-matrix,circomlib-matrix\circuits\matMul.circom,library,TRUE,FALSE,1,0,0,0,1,,
107,circomlib-matrix,circomlib-matrix\circuits\matPow.circom,library,TRUE,FALSE,1,0,0,0,1,,
108,circomlib-matrix,circomlib-matrix\circuits\matScalarAdd.circom,library,TRUE,TRUE,1,0,0,0,1,,
109,circomlib-matrix,circomlib-matrix\circuits\matScalarMul.circom,library,TRUE,TRUE,1,0,0,0,1,,
110,circomlib-matrix,circomlib-matrix\circuits\matScalarSub.circom,library,TRUE,TRUE,1,0,0,0,1,,
111,circomlib-matrix,circomlib-matrix\circuits\matSub.circom,library,TRUE,FALSE,1,0,0,0,1,,
112,circomlib-matrix,circomlib-matrix\circuits\outer.circom,library,TRUE,FALSE,1,0,0,0,1,,
113,circomlib-matrix,circomlib-matrix\circuits\power.circom,library,TRUE,FALSE,1,0,0,0,1,,
114,circomlib-matrix,circomlib-matrix\circuits\trace.circom,library,TRUE,FALSE,1,0,0,0,1,,
115,circomlib-matrix,circomlib-matrix\circuits\transpose.circom,library,TRUE,FALSE,1,0,0,0,1,,
116,circomlib-ml,circomlib-ml\circuits\ArgMax.circom,library,TRUE,FALSE,1,0,0,0,1,,
117,circomlib-ml,circomlib-ml\circuits\AveragePooling2D.circom,library,TRUE,FALSE,1,0,0,0,1,,
118,circomlib-ml,circomlib-ml\circuits\BatchNormalization2D.circom,library,TRUE,FALSE,1,0,0,0,1,,
119,circomlib-ml,circomlib-ml\circuits\Conv1D.circom,library,TRUE,FALSE,1,0,0,0,1,,
120,circomlib-ml,circomlib-ml\circuits\Conv2D.circom,library,TRUE,FALSE,1,0,0,0,1,,
121,circomlib-ml,circomlib-ml\circuits\Dense.circom,library,TRUE,FALSE,1,0,0,0,1,,
122,circomlib-ml,circomlib-ml\circuits\Flatten2D.circom,library,TRUE,FALSE,1,0,0,0,1,,
123,circomlib-ml,circomlib-ml\circuits\GlobalAveragePooling2D.circom,library,TRUE,FALSE,1,0,0,0,1,,
124,circomlib-ml,circomlib-ml\circuits\GlobalMaxPooling2D.circom,library,TRUE,FALSE,1,0,0,0,1,,
125,circomlib-ml,circomlib-ml\circuits\GlobalSumPooling2D.circom,library,TRUE,FALSE,1,0,0,0,1,,
126,circomlib-ml,circomlib-ml\circuits\MaxPooling2D.circom,library,TRUE,FALSE,1,0,0,0,1,,
127,circomlib-ml,circomlib-ml\circuits\Poly.circom,library,TRUE,TRUE,1,0,0,0,1,,
128,circomlib-ml,circomlib-ml\circuits\ReLU.circom,library,TRUE,TRUE,1,0,0,0,1,,
129,circomlib-ml,circomlib-ml\circuits\SumPooling2D.circom,library,TRUE,FALSE,1,0,0,0,1,,
130,circomlib-ml,circomlib-ml\circuits\util.circom,library,TRUE,TRUE,1,0,0,0,1,,
131,circomlib-ml,circomlib-ml\test\circuits\encryptDecrypt_test.circom,main,TRUE,TRUE,2,0,0,0,2,,
132,circomlib-ml,circomlib-ml\test\circuits\encrypted_mnist_latest_test.circom,main,TRUE,TRUE,5,0,0,0,5,,
133,circomlib-ml,circomlib-ml\test\circuits\mnist_convnet_test.circom,main,TRUE,TRUE,3,0,0,0,3,,
134,circomlib-ml,circomlib-ml\test\circuits\mnist_latest_precision_test.circom,main,TRUE,TRUE,3,0,0,0,3,,
135,circomlib-ml,circomlib-ml\test\circuits\mnist_latest_test.circom,main,TRUE,TRUE,3,0,0,0,3,,
136,circomlib-ml,circomlib-ml\test\circuits\mnist_test.circom,main,TRUE,TRUE,3,0,0,0,3,,
137,circomlib-ml,circomlib-ml\test\circuits\model1_test.circom,main,TRUE,TRUE,1,0,0,0,1,,
138,circomlib-ml,circomlib-ml\test\circuits\ReLU_test.circom,main,TRUE,TRUE,2,0,0,0,2,,
139,circomlib-ml,circomlib-ml\circuits\circomlib\babyjub.circom,library,TRUE,TRUE,7,0,0,0,7,,
140,circomlib-ml,circomlib-ml\circuits\circomlib\bitify.circom,library,TRUE,TRUE,1,0,0,0,1,,
141,circomlib-ml,circomlib-ml\circuits\circomlib\comparators.circom,library,TRUE,TRUE,1,0,0,0,1,,
142,circomlib-ml,circomlib-ml\circuits\circomlib\compconstant.circom,library,TRUE,FALSE,1,0,0,0,1,,
143,circomlib-ml,circomlib-ml\circuits\circomlib\escalarmulany.circom,library,TRUE,TRUE,2,1,0,0,1,,
144,circomlib-ml,circomlib-ml\circuits\circomlib\escalarmulfix.circom,library,TRUE,TRUE,4,0,0,0,4,,
145,circomlib-ml,circomlib-ml\circuits\circomlib\mimc.circom,library,TRUE,TRUE,1,0,0,0,1,,
146,circomlib-ml,circomlib-ml\circuits\circomlib\montgomery.circom,library,TRUE,FALSE,1,0,0,0,1,,
147,circomlib-ml,circomlib-ml\circuits\circomlib\mux3.circom,library,TRUE,FALSE,1,0,0,0,1,,
148,circomlib-ml,circomlib-ml\circuits\circomlib\sign.circom,library,TRUE,FALSE,1,0,0,0,1,,
149,circomlib-ml,circomlib-ml\circuits\circomlib\switcher.circom,library,TRUE,TRUE,3,0,0,0,3,,
150,circomlib-ml,circomlib-ml\circuits\circomlib-matrix\matElemMul.circom,library,TRUE,FALSE,1,0,0,0,1,,
151,circomlib-ml,circomlib-ml\circuits\circomlib-matrix\matElemSum.circom,library,TRUE,FALSE,1,0,0,0,1,,
152,circomlib-ml,circomlib-ml\circuits\circomlib-matrix\matMul.circom,library,TRUE,FALSE,1,0,0,0,1,,
153,circomlib-ml,circomlib-ml\circuits\crypto\ecdh.circom,library,TRUE,TRUE,2,1,0,0,1,,
154,circomlib-ml,circomlib-ml\circuits\crypto\encrypt.circom,library,TRUE,TRUE,1,0,0,0,1,,
155,circomlib-ml,circomlib-ml\circuits\crypto\publickey_derivation.circom,library,TRUE,TRUE,1,0,0,0,1,,
156,darkforest-eth-9033eaf,darkforest-eth-9033eaf\biomebase.circom,library,TRUE,TRUE,3,0,0,0,3,,
157,darkforest-eth-9033eaf,darkforest-eth-9033eaf\CalculateTotal.circom,library,TRUE,FALSE,1,0,0,0,1,,
158,darkforest-eth-9033eaf,darkforest-eth-9033eaf\init.circom,library,TRUE,TRUE,4,0,0,0,4,,
159,darkforest-eth-9033eaf,darkforest-eth-9033eaf\move.circom,library,TRUE,TRUE,7,0,0,0,7,,
160,darkforest-eth-9033eaf,darkforest-eth-9033eaf\perlin.circom,library,TRUE,TRUE,6,0,0,0,6,,
161,darkforest-eth-9033eaf,darkforest-eth-9033eaf\QuinSelector.circom,library,TRUE,FALSE,1,0,0,0,1,,
162,darkforest-eth-9033eaf,darkforest-eth-9033eaf\range_proof.circom,library,TRUE,TRUE,3,0,0,0,3,,
163,darkforest-eth-9033eaf,darkforest-eth-9033eaf\reveal.circom,library,TRUE,TRUE,4,0,0,0,4,,
164,darkforest-eth-9033eaf,darkforest-eth-9033eaf\whitelist.circom,library,TRUE,FALSE,1,0,0,0,1,,
165,ed25519-099d19c-fixed,ed25519-099d19c-fixed\binadd.circom,library,TRUE,TRUE,4,0,0,0,4,,
166,ed25519-099d19c-fixed,ed25519-099d19c-fixed\binmul.circom,library,TRUE,FALSE,1,0,0,0,1,,
167,ed25519-099d19c-fixed,ed25519-099d19c-fixed\binsub.circom,library,TRUE,FALSE,1,0,0,0,1,,
168,ed25519-099d19c-fixed,ed25519-099d19c-fixed\chunkedadd.circom,library,TRUE,FALSE,1,0,0,0,1,,
169,ed25519-099d19c-fixed,ed25519-099d19c-fixed\chunkedmul.circom,library,TRUE,FALSE,1,0,0,0,1,,
170,ed25519-099d19c-fixed,ed25519-099d19c-fixed\chunkedsub.circom,library,TRUE,TRUE,3,0,0,0,3,,
171,ed25519-099d19c-fixed,ed25519-099d19c-fixed\chunkify.circom,library,TRUE,FALSE,1,0,0,0,1,,
172,ed25519-099d19c-fixed,ed25519-099d19c-fixed\lt.circom,library,FALSE,TRUE,1,0,1,0,0,,
173,ed25519-099d19c-fixed,ed25519-099d19c-fixed\sha512-0562652\ch.circom,library,TRUE,FALSE,1,0,0,0,1,,
174,ed25519-099d19c-fixed,ed25519-099d19c-fixed\sha512-0562652\maj.circom,library,TRUE,FALSE,1,0,0,0,1,,
175,ed25519-099d19c-fixed,ed25519-099d19c-fixed\sha512-0562652\rotate.circom,library,TRUE,FALSE,1,0,0,0,1,,
176,ed25519-099d19c-fixed,ed25519-099d19c-fixed\sha512-0562652\sha512.circom,library,TRUE,FALSE,1,0,0,0,1,,
177,ed25519-099d19c-fixed,ed25519-099d19c-fixed\sha512-0562652\sha512compression.circom,library,TRUE,FALSE,1,0,0,0,1,,
178,ed25519-099d19c-fixed,ed25519-099d19c-fixed\sha512-0562652\shift.circom,library,TRUE,FALSE,1,0,0,0,1,,
179,ed25519-099d19c-fixed,ed25519-099d19c-fixed\sha512-0562652\sigma.circom,library,TRUE,FALSE,1,0,0,0,1,,
180,ed25519-099d19c-fixed,ed25519-099d19c-fixed\sha512-0562652\sigmaplus.circom,library,TRUE,FALSE,1,0,0,0,1,,
181,ed25519-099d19c-fixed,ed25519-099d19c-fixed\sha512-0562652\t1.circom,library,TRUE,FALSE,1,0,0,0,1,,
182,ed25519-099d19c-fixed,ed25519-099d19c-fixed\sha512-0562652\t2.circom,library,TRUE,FALSE,1,0,0,0,1,,
183,ed25519-099d19c-fixed,ed25519-099d19c-fixed\sha512-0562652\xor3.circom,library,TRUE,FALSE,1,0,0,0,1,,
184,hermez-network-9a696e3-fixed,hermez-network-9a696e3-fixed\src\balance-updater.circom,library,TRUE,TRUE,9,0,0,0,9,,
185,hermez-network-9a696e3-fixed,hermez-network-9a696e3-fixed\src\compute-fee.circom,library,TRUE,TRUE,1,0,0,0,1,,
186,hermez-network-9a696e3-fixed,hermez-network-9a696e3-fixed\src\decode-tx.circom,library,TRUE,TRUE,10,0,0,0,10,,
187,hermez-network-9a696e3-fixed,hermez-network-9a696e3-fixed\src\fee-accumulator.circom,library,TRUE,TRUE,3,1,0,0,2,,
188,hermez-network-9a696e3-fixed,hermez-network-9a696e3-fixed\src\fee-tx.circom,library,TRUE,TRUE,7,1,0,0,6,,
189,hermez-network-9a696e3-fixed,hermez-network-9a696e3-fixed\src\hash-inputs.circom,library,TRUE,TRUE,7,0,0,0,7,,
190,hermez-network-9a696e3-fixed,hermez-network-9a696e3-fixed\src\rollup-tx-states.circom,library,TRUE,TRUE,10,7,0,0,3,,
191,hermez-network-9a696e3-fixed,hermez-network-9a696e3-fixed\src\rollup-tx.circom,library,TRUE,TRUE,23,6,3,0,14,,
192,hermez-network-9a696e3-fixed,hermez-network-9a696e3-fixed\src\rq-tx-verifier.circom,library,TRUE,TRUE,1,0,0,0,1,,
193,hermez-network-9a696e3-fixed,hermez-network-9a696e3-fixed\src\lib\decode-float.circom,library,TRUE,TRUE,1,0,0,0,1,,
194,hermez-network-9a696e3-fixed,hermez-network-9a696e3-fixed\src\lib\mux256.circom,library,TRUE,FALSE,1,0,0,0,1,,
195,hermez-network-9a696e3-fixed,hermez-network-9a696e3-fixed\src\lib\utils-bjj.circom,library,TRUE,TRUE,1,0,0,0,1,,
196,hydra-2010a65,hydra-2010a65\hydra-s1.circom,library,TRUE,TRUE,4,0,0,0,4,,
197,hydra-2010a65,hydra-2010a65\common\verify-hydra-commitment.circom,library,TRUE,TRUE,1,0,0,0,1,,
198,hydra-2010a65,hydra-2010a65\common\verify-merkle-path.circom,library,TRUE,TRUE,1,0,0,0,1,,
199,iden3-core-56a08f9,iden3-core-56a08f9\authentication.circom,library,TRUE,TRUE,2,0,0,0,2,,
200,iden3-core-56a08f9,iden3-core-56a08f9\authenticationWithRelay.circom,library,TRUE,TRUE,3,0,0,0,3,,
201,iden3-core-56a08f9,iden3-core-56a08f9\idOwnershipBySignature.circom,library,TRUE,TRUE,2,0,0,0,2,,
202,iden3-core-56a08f9,iden3-core-56a08f9\idOwnershipBySignatureWithRelay.circom,library,TRUE,TRUE,3,0,0,0,3,,
203,iden3-core-56a08f9,iden3-core-56a08f9\stateTransition.circom,library,TRUE,TRUE,5,0,1,0,4,,
204,iden3-core-56a08f9,iden3-core-56a08f9\query\credentialAtomicQueryMTP.circom,library,TRUE,TRUE,6,0,0,0,6,,
205,iden3-core-56a08f9,iden3-core-56a08f9\query\credentialAtomicQueryMTPWithRelay.circom,library,TRUE,TRUE,7,0,0,0,7,,
206,iden3-core-56a08f9,iden3-core-56a08f9\query\credentialAtomicQuerySig.circom,library,TRUE,TRUE,8,0,0,0,8,,
207,iden3-core-56a08f9,iden3-core-56a08f9\query\query.circom,library,TRUE,TRUE,2,0,0,0,2,,
208,iden3-core-56a08f9,iden3-core-56a08f9\utils\claimUtils.circom,library,TRUE,TRUE,4,0,0,0,4,,
209,iden3-core-56a08f9,iden3-core-56a08f9\utils\treeUtils.circom,library,TRUE,TRUE,1,0,0,0,1,,
210,keccak256-circom-af3e898,keccak256-circom-af3e898\keccak.circom,library,TRUE,FALSE,1,0,0,0,1,,
211,keccak256-circom-af3e898,keccak256-circom-af3e898\permutations.circom,library,TRUE,FALSE,1,0,0,0,1,,
212,keccak256-circom-af3e898,keccak256-circom-af3e898\utils.circom,library,TRUE,FALSE,1,0,0,0,1,,
213,maci-9b1b1a6-fixed,maci-9b1b1a6-fixed\batchUpdateStateTree.circom,library,TRUE,TRUE,1,0,0,0,1,,
214,maci-9b1b1a6-fixed,maci-9b1b1a6-fixed\decrypt.circom,library,TRUE,FALSE,1,0,0,0,1,,
215,maci-9b1b1a6-fixed,maci-9b1b1a6-fixed\ecdh.circom,library,TRUE,TRUE,2,1,0,0,1,,
216,maci-9b1b1a6-fixed,maci-9b1b1a6-fixed\publickey_derivation.circom,library,TRUE,TRUE,1,0,0,0,1,,
217,maci-9b1b1a6-fixed,maci-9b1b1a6-fixed\quadVoteTally.circom,library,TRUE,TRUE,3,1,0,0,2,,
218,maci-9b1b1a6-fixed,maci-9b1b1a6-fixed\updateStateTree.circom,library,TRUE,TRUE,15,9,0,0,6,,
219,maci-9b1b1a6-fixed,maci-9b1b1a6-fixed\verify_signature.circom,library,TRUE,TRUE,1,0,0,0,1,,
220,maci-9b1b1a6-fixed,maci-9b1b1a6-fixed\trees\calculateTotal.circom,library,TRUE,FALSE,1,0,0,0,1,,
221,maci-9b1b1a6-fixed,maci-9b1b1a6-fixed\trees\checkRoot.circom,library,TRUE,FALSE,1,0,0,0,1,,
222,maci-9b1b1a6-fixed,maci-9b1b1a6-fixed\trees\incrementalMerkleTree.circom,library,TRUE,FALSE,1,0,0,0,1,,
223,maci-9b1b1a6-fixed,maci-9b1b1a6-fixed\trees\incrementalQuinTree.circom,library,TRUE,TRUE,1,0,0,0,1,,
224,telepathy,telepathy\sdk\src\circuits\poseidon_sync_committee.circom,library,TRUE,FALSE,1,0,0,0,1,,
225,telepathy,telepathy\circuits\circuits\bls.circom,library,TRUE,TRUE,4,0,2,0,2,,
226,telepathy,telepathy\circuits\circuits\hash_to_field.circom,library,TRUE,FALSE,1,0,0,0,1,,
227,telepathy,telepathy\circuits\circuits\inputs.circom,library,TRUE,TRUE,2,0,0,0,2,,
228,telepathy,telepathy\circuits\circuits\poseidon.circom,library,TRUE,FALSE,1,0,0,0,1,,
229,telepathy,telepathy\circuits\circuits\sha256.circom,library,TRUE,FALSE,1,0,0,0,1,,
230,telepathy,telepathy\circuits\circuits\ssz.circom,library,TRUE,FALSE,1,0,0,0,1,,
231,telepathy,telepathy\circuits\circuits\step.circom,library,TRUE,TRUE,3,0,0,0,3,,
232,telepathy,telepathy\circuits\circuits\sync_committee.circom,library,TRUE,FALSE,1,0,0,0,1,,
233,telepathy,telepathy\circuits\test\circuits\test_sha_bytes_constraint_cost.circom,library,TRUE,FALSE,1,0,0,0,1,,
234,telepathy,telepathy\circuits\test\circuits\test_template_assert_valid_signed_header.circom,library,TRUE,FALSE,1,0,0,0,1,,
235,telepathy,telepathy\circuits\circuits\pairing\bigint.circom,library,TRUE,TRUE,6,0,0,0,6,,
236,telepathy,telepathy\circuits\circuits\pairing\bls12_381_hash_to_G2.circom,library,TRUE,TRUE,4,0,0,0,4,,
237,telepathy,telepathy\circuits\circuits\pairing\bls_signature.circom,library,TRUE,TRUE,1,0,0,0,1,,
238,telepathy,telepathy\circuits\circuits\pairing\curve.circom,library,TRUE,TRUE,6,0,3,0,3,,
239,telepathy,telepathy\circuits\circuits\pairing\curve_fp2.circom,library,TRUE,TRUE,6,0,3,0,3,,
240,telepathy,telepathy\circuits\circuits\pairing\extra_curve.circom,library,TRUE,TRUE,3,0,0,0,3,,
241,telepathy,telepathy\circuits\circuits\pairing\extra_field_circuits.circom,library,TRUE,TRUE,4,0,0,0,4,,
242,telepathy,telepathy\circuits\circuits\pairing\final_exp.circom,library,TRUE,FALSE,1,0,0,0,1,,
243,telepathy,telepathy\circuits\circuits\pairing\fp.circom,library,TRUE,TRUE,3,0,0,0,3,,
244,telepathy,telepathy\circuits\circuits\pairing\fp12.circom,library,TRUE,FALSE,1,0,0,0,1,,
245,telepathy,telepathy\circuits\circuits\pairing\fp2.circom,library,TRUE,TRUE,3,0,0,0,3,,
246,telepathy,telepathy\circuits\circuits\pairing\pairing.circom,library,TRUE,FALSE,1,0,0,0,1,,
247,telepathy,telepathy\circuits\circuits\sha256\ch.circom,library,TRUE,FALSE,1,0,0,0,1,,
248,telepathy,telepathy\circuits\circuits\sha256\main.circom,main,TRUE,TRUE,1,0,0,0,1,,
249,telepathy,telepathy\circuits\circuits\sha256\maj.circom,library,TRUE,FALSE,1,0,0,0,1,,
250,telepathy,telepathy\circuits\circuits\sha256\rotate.circom,library,TRUE,FALSE,1,0,0,0,1,,
251,telepathy,telepathy\circuits\circuits\sha256\sha256.circom,library,TRUE,FALSE,1,0,0,0,1,,
252,telepathy,telepathy\circuits\circuits\sha256\sha256_2.circom,library,TRUE,FALSE,1,0,0,0,1,,
253,telepathy,telepathy\circuits\circuits\sha256\shift.circom,library,TRUE,FALSE,1,0,0,0,1,,
254,telepathy,telepathy\circuits\circuits\sha256\sigma.circom,library,TRUE,FALSE,1,0,0,0,1,,
255,telepathy,telepathy\circuits\circuits\sha256\xor3.circom,library,TRUE,FALSE,1,0,0,0,1,,
