project_name,file_path,mode,full_leak_count,partial_leak_count,leak_count,analysis_time,success,error_message
aes-circom-0784f74,aes-circom-0784f74\circuits\aes_256_ctr.circom,library,0,0,0,0.37227869033813477,True,
aes-circom-0784f74,aes-circom-0784f74\circuits\aes_256_encrypt.circom,library,0,0,0,0.3835868835449219,True,
aes-circom-0784f74,aes-circom-0784f74\circuits\aes_256_key_expansion.circom,library,1,0,1,0.3873574733734131,True,
aes-circom-0784f74,aes-circom-0784f74\circuits\aes_emulation.circom,library,1,0,1,0.26250123977661133,True,
aes-circom-0784f74,aes-circom-0784f74\circuits\aes_emulation_tables.circom,library,0,0,0,0.25876569747924805,True,
aes-circom-0784f74,aes-circom-0784f74\circuits\gcm_siv_dec_2_keys.circom,library,1,0,1,2.6499249935150146,True,
aes-circom-0784f74,aes-circom-0784f74\circuits\gcm_siv_enc_2_keys.circom,library,1,0,1,2.76031231880188,True,
aes-circom-0784f74,aes-circom-0784f74\circuits\gfmul_int.circom,library,0,0,0,0.38496994972229004,True,
aes-circom-0784f74,aes-circom-0784f74\circuits\helper_functions.circom,library,6,0,6,0.28351640701293945,True,
aes-circom-0784f74,aes-circom-0784f74\circuits\mul.circom,library,0,0,0,0.2882425785064697,True,
aes-circom-0784f74,aes-circom-0784f74\circuits\polyval.circom,library,0,0,0,0.42095065116882324,True,
aes-circom-0784f74,aes-circom-0784f74\circuits\vclmul_emulator.circom,library,0,0,0,0.3130941390991211,True,
aes-circom-0784f74,aes-circom-0784f74\test\circuits\aes_256_ctr_test.circom,main,0,0,0,0.35634779930114746,True,
aes-circom-0784f74,aes-circom-0784f74\test\circuits\aes_256_encrypt_test.circom,main,0,0,0,0.3565349578857422,True,
aes-circom-0784f74,aes-circom-0784f74\test\circuits\aes_256_key_expansion_test.circom,main,0,0,0,0.36136388778686523,True,
aes-circom-0784f74,aes-circom-0784f74\test\circuits\gcm_siv_dec_2_keys_test.circom,main,0,0,0,2.676483154296875,True,
aes-circom-0784f74,aes-circom-0784f74\test\circuits\gcm_siv_enc_2_keys_test.circom,main,0,0,0,2.766767978668213,True,
aes-circom-0784f74,aes-circom-0784f74\test\circuits\gfmul_int_test.circom,main,0,0,0,0.4310281276702881,True,
aes-circom-0784f74,aes-circom-0784f74\test\circuits\mul_test.circom,main,0,0,0,0.3070366382598877,True,
aes-circom-0784f74,aes-circom-0784f74\test\circuits\polyval_test.circom,main,0,0,0,0.41576409339904785,True,
circom-ecdsa,circom-ecdsa\circuits\bigint.circom,library,8,0,8,0.9294464588165283,True,
circom-ecdsa,circom-ecdsa\circuits\bigint_4x64_mult.circom,library,5,0,5,0.41298460960388184,True,
circom-ecdsa,circom-ecdsa\circuits\bigint_func.circom,library,0,0,0,0.415485143661499,True,
circom-ecdsa,circom-ecdsa\circuits\ecdsa.circom,library,0,0,0,300.0,False,分析超时（>5分钟）
circom-ecdsa,circom-ecdsa\circuits\ecdsa_func.circom,library,0,0,0,300.0,False,分析超时（>5分钟）
circom-ecdsa,circom-ecdsa\circuits\eth_addr.circom,library,0,0,0,300.0,False,分析超时（>5分钟）
circom-ecdsa,circom-ecdsa\circuits\secp256k1.circom,library,0,0,0,300.0,False,分析超时（>5分钟）
circom-ecdsa,circom-ecdsa\circuits\secp256k1_func.circom,library,0,0,0,0.27272915840148926,True,
circom-ecdsa,circom-ecdsa\circuits\secp256k1_utils.circom,library,1,0,1,0.3965930938720703,True,
circom-ecdsa,circom-ecdsa\test\circuits\test_bigadd_15.circom,library,0,0,0,0.3566281795501709,True,
circom-ecdsa,circom-ecdsa\test\circuits\test_bigadd_23.circom,library,0,0,0,0.35356736183166504,True,
circom-ecdsa,circom-ecdsa\test\circuits\test_biglessthan_23.circom,library,0,0,0,0.35396885871887207,True,
circom-ecdsa,circom-ecdsa\test\circuits\test_bigmod_22.circom,library,0,0,0,0.3543534278869629,True,
circom-ecdsa,circom-ecdsa\test\circuits\test_bigmod_32.circom,library,0,0,0,0.35320162773132324,True,
circom-ecdsa,circom-ecdsa\test\circuits\test_bigmult_21.circom,library,0,0,0,0.3567049503326416,True,
circom-ecdsa,circom-ecdsa\test\circuits\test_bigmult_22.circom,library,0,0,0,0.36420631408691406,True,
circom-ecdsa,circom-ecdsa\test\circuits\test_bigmult_23.circom,library,0,0,0,0.3543589115142822,True,
circom-ecdsa,circom-ecdsa\test\circuits\test_bigsubmodp_32.circom,library,0,0,0,0.3646867275238037,True,
circom-ecdsa,circom-ecdsa\test\circuits\test_bigsub_15.circom,library,0,0,0,0.35645556449890137,True,
circom-ecdsa,circom-ecdsa\test\circuits\test_bigsub_23.circom,library,0,0,0,0.3508918285369873,True,
circom-ecdsa,circom-ecdsa\test\circuits\test_ecdsa.circom,library,0,0,0,26.22366952896118,True,
circom-ecdsa,circom-ecdsa\test\circuits\test_ecdsa_verify.circom,library,0,0,0,26.11833620071411,True,
circom-ecdsa,circom-ecdsa\test\circuits\test_secp256k1_add.circom,library,0,0,0,0.5531394481658936,True,
circom-ecdsa,circom-ecdsa\test\circuits\test_secp256k1_double.circom,library,0,0,0,0.5176346302032471,True,
circom-ecdsa,circom-ecdsa\test\circuits\test_secp256k1_poc.circom,library,0,0,0,0.5193901062011719,True,
circom-ecdsa,circom-ecdsa\test\circuits\test_secp256k1_scalarmult.circom,library,0,0,0,0.5270586013793945,True,
circom-ecdsa,circom-ecdsa\scripts\eth_addr\eth_addr.circom,library,0,0,0,26.388787269592285,True,
circom-ecdsa,circom-ecdsa\scripts\groupsig\groupsig.circom,library,0,0,0,300.0,False,分析超时（>5分钟）
circom-ecdsa,circom-ecdsa\scripts\pubkeygen\pubkeygen.circom,library,0,0,0,26.099655389785767,True,
circom-ecdsa,circom-ecdsa\scripts\verify\verify.circom,library,0,0,0,26.10818600654602,True,
circom-ecdsa,circom-ecdsa\circuits\vocdoni-keccak\keccak.circom,library,0,0,0,300.0,False,分析超时（>5分钟）
circom-ecdsa,circom-ecdsa\circuits\vocdoni-keccak\permutations.circom,library,3,0,3,5.917678117752075,True,
circom-ecdsa,circom-ecdsa\circuits\vocdoni-keccak\utils.circom,library,2,0,2,0.2836484909057617,True,
circom-ecdsa,circom-ecdsa\circuits\zk-identity\eth.circom,library,2,0,2,35.469768047332764,True,
circom-pairing,circom-pairing\circuits\bigint.circom,library,8,0,8,0.8148860931396484,True,
circom-pairing,circom-pairing\circuits\bigint_func.circom,library,0,0,0,0.41383862495422363,True,
circom-pairing,circom-pairing\circuits\bls12_381_func.circom,library,0,0,0,8.1661536693573,True,
circom-pairing,circom-pairing\circuits\bls12_381_hash_to_G2.circom,library,0,0,0,300.0,False,分析超时（>5分钟）
circom-pairing,circom-pairing\circuits\bls_signature.circom,library,0,0,0,300.0,False,分析超时（>5分钟）
circom-pairing,circom-pairing\circuits\curve.circom,library,0,0,0,300.0,False,分析超时（>5分钟）
circom-pairing,circom-pairing\circuits\curve_fp2.circom,library,0,0,0,300.0,False,分析超时（>5分钟）
circom-pairing,circom-pairing\circuits\extra_curve.circom,library,0,0,0,300.0,False,分析超时（>5分钟）
circom-pairing,circom-pairing\circuits\extra_field_circuits.circom,library,10,0,10,14.360419750213623,True,
circom-pairing,circom-pairing\circuits\field_elements_func.circom,library,0,0,0,0.6495456695556641,True,
circom-pairing,circom-pairing\circuits\final_exp.circom,library,0,0,0,300.0,False,分析超时（>5分钟）
circom-pairing,circom-pairing\circuits\fp.circom,library,6,0,6,1.0918292999267578,True,
circom-pairing,circom-pairing\circuits\fp12.circom,library,0,0,0,300.0,False,分析超时（>5分钟）
circom-pairing,circom-pairing\circuits\fp12_func.circom,library,0,0,0,23.800952911376953,True,
circom-pairing,circom-pairing\circuits\fp2.circom,library,5,0,5,7.2387402057647705,True,
circom-pairing,circom-pairing\circuits\pairing.circom,library,0,0,0,300.0,False,分析超时（>5分钟）
circom-pairing,circom-pairing\test\circuits\test_bls12-381_add.circom,library,0,0,0,0.6914725303649902,True,
circom-pairing,circom-pairing\test\circuits\test_bls12-381_double.circom,library,0,0,0,0.6944808959960938,True,
circom-pairing,circom-pairing\test\circuits\test_fp12_add_22.circom,library,0,0,0,7.676621675491333,True,
circom-pairing,circom-pairing\test\circuits\test_fp12_compression_32.circom,library,0,0,0,50.596513509750366,True,
circom-pairing,circom-pairing\test\circuits\test_fp12_cyclotomicExp_32.circom,library,0,0,0,7.896945953369141,True,
circom-pairing,circom-pairing\test\circuits\test_fp12_cyclotomicSquare_32.circom,library,0,0,0,7.8618669509887695,True,
circom-pairing,circom-pairing\test\circuits\test_fp12_invert_42.circom,library,0,0,0,7.602661609649658,True,
circom-pairing,circom-pairing\test\circuits\test_fp12_multiply2_32.circom,library,0,0,0,7.910912036895752,True,
circom-pairing,circom-pairing\test\circuits\test_fp12_multiply_32.circom,library,0,0,0,7.73325777053833,True,
circom-pairing,circom-pairing\test\circuits\test_fp12_pow4_32.circom,library,0,0,0,7.795001268386841,True,
circom-pairing,circom-pairing\test\circuits\test_fp2_add_22.circom,library,0,0,0,0.6173734664916992,True,
circom-pairing,circom-pairing\test\circuits\test_fp2_invert_42.circom,library,0,0,0,0.5919244289398193,True,
circom-pairing,circom-pairing\test\circuits\test_fp2_multiply_42.circom,library,0,0,0,0.606959342956543,True,
circom-pairing,circom-pairing\test\circuits\test_linefunc_equal_32.circom,library,0,0,0,0.6689169406890869,True,
circom-pairing,circom-pairing\test\circuits\test_linefunc_unequal_32.circom,library,0,0,0,0.6914546489715576,True,
circom-pairing,circom-pairing\test\circuits\test_multiply_linefunc_equal_32.circom,library,0,0,0,0.6893482208251953,True,
circom-pairing,circom-pairing\test\circuits\test_multiply_linefunc_unequal_32.circom,library,0,0,0,0.6957628726959229,True,
circom-pairing,circom-pairing\test\circuits\test_secp256k1_add.circom,library,0,0,0,0.6739428043365479,True,
circom-pairing,circom-pairing\scripts\addfp2\addfp2.circom,main,0,0,0,16.62774085998535,True,
circom-pairing,circom-pairing\scripts\dev\dev.circom,main,0,0,0,300.0,False,分析超时（>5分钟）
circom-pairing,circom-pairing\scripts\dev\fp12carrymodp.circom,main,0,0,0,7.778413772583008,True,
circom-pairing,circom-pairing\scripts\finalexp\finalexp.circom,main,0,0,0,300.0,False,分析超时（>5分钟）
circom-pairing,circom-pairing\scripts\fp12multiply\fp12multiply.circom,main,0,0,0,8.699476718902588,True,
circom-pairing,circom-pairing\scripts\fp12multiply\fp12multiplynocarry.circom,main,0,0,0,7.78523063659668,True,
circom-pairing,circom-pairing\scripts\fp12multiply\fp12multiply_55_7.circom,main,0,0,0,7.79838752746582,True,
circom-pairing,circom-pairing\scripts\linefunctionequal\input_linefunctionequal_35_11.circom,library,0,0,0,0.27615928649902344,True,
circom-pairing,circom-pairing\scripts\linefunctionequal\linefunctionequal.circom,main,0,0,0,0.69291090965271,True,
circom-pairing,circom-pairing\scripts\linefunctionequal\linefunctionequal_35_11.circom,main,0,0,0,0.7316310405731201,True,
circom-pairing,circom-pairing\scripts\maptoG2\maptoG2.circom,library,0,0,0,8.306880950927734,True,
circom-pairing,circom-pairing\scripts\millerloop\millerloop.circom,main,0,0,0,7.693921089172363,True,
circom-pairing,circom-pairing\scripts\millerloop\millerloop_35_11.circom,main,0,0,0,0.7386837005615234,True,
circom-pairing,circom-pairing\scripts\millerloop\millerloop_55_7.circom,main,0,0,0,0.7391479015350342,True,
circom-pairing,circom-pairing\scripts\millerloopfp2\millerloopfp2.circom,main,0,0,0,8.064598083496094,True,
circom-pairing,circom-pairing\scripts\optimalate\optimalate.circom,main,0,0,0,300.0,False,分析超时（>5分钟）
circom-pairing,circom-pairing\scripts\signature\signature.circom,library,0,0,0,8.845903396606445,True,
circom-pairing,circom-pairing\scripts\subgroupcheckG1\subgroupcheckG1.circom,library,0,0,0,8.369817733764648,True,
circom-pairing,circom-pairing\scripts\subgroupcheckG2\subgroupcheckG2.circom,library,0,0,0,8.116646766662598,True,
circom-pairing,circom-pairing\scripts\tatepairing\tatepairing.circom,main,0,0,0,300.0,False,分析超时（>5分钟）
circom-pairing,circom-pairing\circuits\bn254\bn254_func.circom,library,0,0,0,3.9161200523376465,True,
circom-pairing,circom-pairing\circuits\bn254\curve.circom,library,6,0,6,32.13259434700012,True,
circom-pairing,circom-pairing\circuits\bn254\curve_fp2.circom,library,0,0,0,300.0,False,分析超时（>5分钟）
circom-pairing,circom-pairing\circuits\bn254\final_exp.circom,library,0,0,0,300.0,False,分析超时（>5分钟）
circom-pairing,circom-pairing\circuits\bn254\fp12.circom,library,0,0,0,300.0,False,分析超时（>5分钟）
circom-pairing,circom-pairing\circuits\bn254\fp12_func.circom,library,0,0,0,3.1780941486358643,True,
circom-pairing,circom-pairing\circuits\bn254\groth16.circom,library,0,0,0,300.0,False,分析超时（>5分钟）
circom-pairing,circom-pairing\circuits\bn254\pairing.circom,library,0,0,0,300.0,False,分析超时（>5分钟）
circom-pairing,circom-pairing\circuits\bn254\subgroup_check.circom,library,0,0,0,300.0,False,分析超时（>5分钟）
circomlib,circomlib\circuits\aliascheck.circom,library,0,1,1,0.2905445098876953,True,
circomlib,circomlib\circuits\babyjub.circom,library,6,1,7,0.7048323154449463,True,
circomlib,circomlib\circuits\binsub.circom,library,0,0,0,0.2695128917694092,True,
circomlib,circomlib\circuits\binsum.circom,library,0,0,0,0.2744603157043457,True,
circomlib,circomlib\circuits\bitify.circom,library,1,0,1,0.3272082805633545,True,
circomlib,circomlib\circuits\comparators.circom,library,1,0,1,0.2902548313140869,True,
circomlib,circomlib\circuits\compconstant.circom,library,0,0,0,0.3143157958984375,True,
circomlib,circomlib\circuits\eddsa.circom,library,3,1,4,3.2422733306884766,True,
circomlib,circomlib\circuits\eddsamimc.circom,library,4,1,5,1.7441186904907227,True,
circomlib,circomlib\circuits\eddsamimcsponge.circom,library,4,1,5,1.94795823097229,True,
circomlib,circomlib\circuits\eddsaposeidon.circom,library,4,1,5,4.095846891403198,True,
circomlib,circomlib\circuits\escalarmul.circom,library,1,0,1,0.41150665283203125,True,
circomlib,circomlib\circuits\escalarmulany.circom,library,6,0,6,0.5258162021636963,True,
circomlib,circomlib\circuits\escalarmulfix.circom,library,2,0,2,0.9680328369140625,True,
circomlib,circomlib\circuits\escalarmulw4table.circom,library,0,0,0,0.26384472846984863,True,
circomlib,circomlib\circuits\gates.circom,library,2,0,2,1.0480589866638184,True,
circomlib,circomlib\circuits\mimc.circom,library,6,0,6,0.2813839912414551,True,
circomlib,circomlib\circuits\mimcsponge.circom,library,7,0,7,0.2947256565093994,True,
circomlib,circomlib\circuits\montgomery.circom,library,3,0,3,0.28937697410583496,True,
circomlib,circomlib\circuits\multiplexer.circom,library,5,0,5,0.27730846405029297,True,
circomlib,circomlib\circuits\mux1.circom,library,2,0,2,0.28178882598876953,True,
circomlib,circomlib\circuits\mux2.circom,library,6,0,6,0.2700684070587158,True,
circomlib,circomlib\circuits\mux3.circom,library,10,0,10,0.30399537086486816,True,
circomlib,circomlib\circuits\mux4.circom,library,18,0,18,0.36431121826171875,True,
circomlib,circomlib\circuits\pedersen.circom,library,2,0,2,0.6386711597442627,True,
circomlib,circomlib\circuits\pedersen_old.circom,library,0,0,0,0.42389559745788574,True,
circomlib,circomlib\circuits\pointbits.circom,library,1,0,1,0.39484691619873047,True,
circomlib,circomlib\circuits\poseidon.circom,library,3,0,3,2.650669813156128,True,
circomlib,circomlib\circuits\poseidon_constants.circom,library,0,0,0,2.511251449584961,True,
circomlib,circomlib\circuits\poseidon_constants_old.circom,library,0,0,0,1.064443588256836,True,
circomlib,circomlib\circuits\poseidon_old.circom,library,2,0,2,2.6389358043670654,True,
circomlib,circomlib\circuits\sign.circom,library,0,1,1,0.2834737300872803,True,
circomlib,circomlib\circuits\switcher.circom,library,3,0,3,0.2655675411224365,True,
circomlib,circomlib\test\circuits\aliascheck_test.circom,main,0,0,0,0.27799201011657715,True,
circomlib,circomlib\test\circuits\babyadd_tester.circom,main,0,0,0,0.3166844844818115,True,
circomlib,circomlib\test\circuits\babycheck_test.circom,main,0,0,0,0.3299710750579834,True,
circomlib,circomlib\test\circuits\babypbk_test.circom,main,0,0,0,0.7134289741516113,True,
circomlib,circomlib\test\circuits\binsub_test.circom,main,0,2,2,0.312114953994751,True,
circomlib,circomlib\test\circuits\constants_test.circom,library,0,0,0,0.2829463481903076,True,
circomlib,circomlib\test\circuits\eddsamimc_test.circom,main,0,0,0,1.7496929168701172,True,
circomlib,circomlib\test\circuits\eddsaposeidon_test.circom,main,0,0,0,4.087385892868042,True,
circomlib,circomlib\test\circuits\eddsa_test.circom,main,0,0,0,3.200373411178589,True,
circomlib,circomlib\test\circuits\edwards2montgomery.circom,main,0,0,0,0.262845516204834,True,
circomlib,circomlib\test\circuits\escalarmulany_test.circom,main,1,1,2,0.4469926357269287,True,
circomlib,circomlib\test\circuits\escalarmulfix_test.circom,main,0,1,1,0.7048695087432861,True,
circomlib,circomlib\test\circuits\escalarmulw4table.circom,main,0,0,0,0.2616434097290039,True,
circomlib,circomlib\test\circuits\escalarmulw4table_test.circom,main,1,0,1,0.2598092555999756,True,
circomlib,circomlib\test\circuits\escalarmulw4table_test3.circom,main,1,0,1,0.27179622650146484,True,
circomlib,circomlib\test\circuits\escalarmul_min_test.circom,main,0,0,0,0.41977524757385254,True,
circomlib,circomlib\test\circuits\escalarmul_test.circom,main,0,1,1,0.4277064800262451,True,
circomlib,circomlib\test\circuits\escalarmul_test_min.circom,main,0,0,0,0.4052419662475586,True,
circomlib,circomlib\test\circuits\greatereqthan.circom,main,0,0,0,0.2833719253540039,True,
circomlib,circomlib\test\circuits\greaterthan.circom,main,0,0,0,0.2736227512359619,True,
circomlib,circomlib\test\circuits\isequal.circom,main,0,0,0,0.28893256187438965,True,
circomlib,circomlib\test\circuits\iszero.circom,main,0,0,0,0.290372371673584,True,
circomlib,circomlib\test\circuits\lesseqthan.circom,main,0,0,0,0.2737772464752197,True,
circomlib,circomlib\test\circuits\lessthan.circom,main,0,0,0,0.2788228988647461,True,
circomlib,circomlib\test\circuits\mimc_sponge_hash_test.circom,main,0,0,0,0.2799258232116699,True,
circomlib,circomlib\test\circuits\mimc_sponge_test.circom,main,0,0,0,0.292757511138916,True,
circomlib,circomlib\test\circuits\mimc_test.circom,main,0,0,0,0.28127574920654297,True,
circomlib,circomlib\test\circuits\montgomery2edwards.circom,main,0,0,0,0.2748594284057617,True,
circomlib,circomlib\test\circuits\montgomeryadd.circom,main,0,0,0,0.2671973705291748,True,
circomlib,circomlib\test\circuits\montgomerydouble.circom,main,0,0,0,0.28391146659851074,True,
circomlib,circomlib\test\circuits\mux1_1.circom,main,0,1,1,0.29021596908569336,True,
circomlib,circomlib\test\circuits\mux2_1.circom,main,0,1,1,0.29485535621643066,True,
circomlib,circomlib\test\circuits\mux3_1.circom,main,0,1,1,0.3085041046142578,True,
circomlib,circomlib\test\circuits\mux4_1.circom,main,0,1,1,0.35673999786376953,True,
circomlib,circomlib\test\circuits\pedersen2_test.circom,main,0,1,1,0.35309624671936035,True,
circomlib,circomlib\test\circuits\pedersen_test.circom,main,0,1,1,0.3920910358428955,True,
circomlib,circomlib\test\circuits\pointbits_loopback.circom,main,1,0,1,0.47879910469055176,True,
circomlib,circomlib\test\circuits\poseidon3_test.circom,main,0,0,0,2.5610289573669434,True,
circomlib,circomlib\test\circuits\poseidon6_test.circom,main,0,0,0,2.7273881435394287,True,
circomlib,circomlib\test\circuits\poseidonex_test.circom,main,0,0,0,2.5815658569335938,True,
circomlib,circomlib\test\circuits\sha256_2_test.circom,main,0,2,2,0.7156236171722412,True,
circomlib,circomlib\test\circuits\sha256_test448.circom,main,0,0,0,0.7367579936981201,True,
circomlib,circomlib\test\circuits\sha256_test512.circom,main,0,0,0,0.7144811153411865,True,
circomlib,circomlib\test\circuits\sign_test.circom,main,0,0,0,0.27895498275756836,True,
circomlib,circomlib\test\circuits\smtprocessor10_test.circom,main,0,0,0,3.485860586166382,False,"
thread 'main' has overflowed its stack
error: process didn't exit successfully: `target\release\circomspect.exe D:\dev\circomspect\benchmarks\projects\circomlib\test\circuits\smtprocessor10_test.circom --mode main` (exit code: 0xc00000fd, STATUS_STACK_OVERFLOW)"
circomlib,circomlib\test\circuits\smtverifier10_test.circom,main,0,0,0,3.4194235801696777,False,"
thread 'main' has overflowed its stack
error: process didn't exit successfully: `target\release\circomspect.exe D:\dev\circomspect\benchmarks\projects\circomlib\test\circuits\smtverifier10_test.circom --mode main` (exit code: 0xc00000fd, STATUS_STACK_OVERFLOW)"
circomlib,circomlib\test\circuits\sum_test.circom,main,0,2,2,0.28223347663879395,True,
circomlib,circomlib\circuits\sha256\ch.circom,library,3,0,3,0.26084375381469727,True,
circomlib,circomlib\circuits\sha256\constants.circom,library,0,0,0,0.26639604568481445,True,
circomlib,circomlib\circuits\sha256\main.circom,main,0,1,1,0.7269699573516846,True,
circomlib,circomlib\circuits\sha256\maj.circom,library,4,0,4,0.277407169342041,True,
circomlib,circomlib\circuits\sha256\rotate.circom,library,1,0,1,0.2791612148284912,True,
circomlib,circomlib\circuits\sha256\sha256.circom,library,2,0,2,0.7154455184936523,True,
circomlib,circomlib\circuits\sha256\sha256compression.circom,library,10,0,10,0.6469440460205078,True,
circomlib,circomlib\circuits\sha256\sha256compression_function.circom,library,0,0,0,0.2733466625213623,True,
circomlib,circomlib\circuits\sha256\sha256_2.circom,library,0,2,2,0.7213542461395264,True,
circomlib,circomlib\circuits\sha256\shift.circom,library,1,0,1,0.268388032913208,True,
circomlib,circomlib\circuits\sha256\sigma.circom,library,1,0,1,0.2724192142486572,True,
circomlib,circomlib\circuits\sha256\sigmaplus.circom,library,2,0,2,0.30044102668762207,True,
circomlib,circomlib\circuits\sha256\t1.circom,library,3,0,3,0.28680944442749023,True,
circomlib,circomlib\circuits\sha256\t2.circom,library,3,0,3,0.30980443954467773,True,
circomlib,circomlib\circuits\sha256\xor3.circom,library,4,0,4,0.26334333419799805,True,
circomlib,circomlib\circuits\smt\smthash_mimc.circom,library,0,0,0,0.2695274353027344,True,
circomlib,circomlib\circuits\smt\smthash_poseidon.circom,library,0,0,0,2.577817916870117,True,
circomlib,circomlib\circuits\smt\smtlevins.circom,library,1,0,1,0.2729649543762207,True,
circomlib,circomlib\circuits\smt\smtprocessor.circom,library,0,0,0,3.459228992462158,False,"
thread 'main' has overflowed its stack
error: process didn't exit successfully: `target\release\circomspect.exe D:\dev\circomspect\benchmarks\projects\circomlib\circuits\smt\smtprocessor.circom --mode all` (exit code: 0xc00000fd, STATUS_STACK_OVERFLOW)"
circomlib,circomlib\circuits\smt\smtprocessorlevel.circom,library,8,0,8,0.2699546813964844,True,
circomlib,circomlib\circuits\smt\smtprocessorsm.circom,library,10,0,10,0.28282594680786133,True,
circomlib,circomlib\circuits\smt\smtverifier.circom,library,0,0,0,3.3410212993621826,False,"
thread 'main' has overflowed its stack
error: process didn't exit successfully: `target\release\circomspect.exe D:\dev\circomspect\benchmarks\projects\circomlib\circuits\smt\smtverifier.circom --mode all` (exit code: 0xc00000fd, STATUS_STACK_OVERFLOW)"
circomlib,circomlib\circuits\smt\smtverifierlevel.circom,library,6,0,6,0.2646021842956543,True,
circomlib,circomlib\circuits\smt\smtverifiersm.circom,library,8,0,8,0.25995922088623047,True,
circomlib-matrix,circomlib-matrix\circuits\matAdd.circom,library,2,0,2,0.28664612770080566,True,
circomlib-matrix,circomlib-matrix\circuits\matElemMul.circom,library,2,0,2,0.2707047462463379,True,
circomlib-matrix,circomlib-matrix\circuits\matElemPow.circom,library,1,0,1,0.2878696918487549,True,
circomlib-matrix,circomlib-matrix\circuits\matElemSum.circom,library,2,0,2,0.2810220718383789,True,
circomlib-matrix,circomlib-matrix\circuits\matMul.circom,library,0,0,0,0.3020143508911133,True,
circomlib-matrix,circomlib-matrix\circuits\matPow.circom,library,0,0,0,0.27351880073547363,True,
circomlib-matrix,circomlib-matrix\circuits\matScalarAdd.circom,library,2,0,2,0.26932191848754883,True,
circomlib-matrix,circomlib-matrix\circuits\matScalarMul.circom,library,2,0,2,0.2766857147216797,True,
circomlib-matrix,circomlib-matrix\circuits\matScalarSub.circom,library,2,0,2,0.2779884338378906,True,
circomlib-matrix,circomlib-matrix\circuits\matSub.circom,library,2,0,2,0.25537967681884766,True,
circomlib-matrix,circomlib-matrix\circuits\outer.circom,library,2,0,2,0.26699352264404297,True,
circomlib-matrix,circomlib-matrix\circuits\power.circom,library,2,0,2,0.26030921936035156,True,
circomlib-matrix,circomlib-matrix\circuits\trace.circom,library,0,0,0,0.2682826519012451,True,
circomlib-matrix,circomlib-matrix\circuits\transpose.circom,library,1,0,1,0.25772690773010254,True,
circomlib-matrix,circomlib-matrix\test\circuits\matAdd_test.circom,main,0,0,0,0.27086710929870605,True,
circomlib-matrix,circomlib-matrix\test\circuits\matElemMul_test.circom,main,0,0,0,0.2584068775177002,True,
circomlib-matrix,circomlib-matrix\test\circuits\matElemPow_test.circom,main,0,0,0,0.2706868648529053,True,
circomlib-matrix,circomlib-matrix\test\circuits\matMul_test.circom,main,0,0,0,0.2963998317718506,True,
circomlib-matrix,circomlib-matrix\test\circuits\matPow_test.circom,main,0,0,0,0.29210996627807617,True,
circomlib-matrix,circomlib-matrix\test\circuits\matScalarAdd_test.circom,main,0,0,0,0.2684051990509033,True,
circomlib-matrix,circomlib-matrix\test\circuits\matScalarMul_test.circom,main,0,0,0,0.28751444816589355,True,
circomlib-matrix,circomlib-matrix\test\circuits\matScalarSub_test.circom,main,0,0,0,0.26746368408203125,True,
circomlib-matrix,circomlib-matrix\test\circuits\matSub_test.circom,main,0,0,0,0.27369189262390137,True,
circomlib-matrix,circomlib-matrix\test\circuits\outer_test.circom,main,0,0,0,0.27063989639282227,True,
circomlib-matrix,circomlib-matrix\test\circuits\trace_test.circom,main,0,0,0,0.28734803199768066,True,
circomlib-matrix,circomlib-matrix\test\circuits\tranpose_test.circom,main,0,0,0,0.27340078353881836,True,
circomlib-ml,circomlib-ml\circuits\ArgMax.circom,library,3,0,3,0.3150444030761719,True,
circomlib-ml,circomlib-ml\circuits\AveragePooling2D.circom,library,1,0,1,0.30034637451171875,True,
circomlib-ml,circomlib-ml\circuits\BatchNormalization2D.circom,library,3,0,3,0.27366018295288086,True,
circomlib-ml,circomlib-ml\circuits\Conv1D.circom,library,1,0,1,0.3063831329345703,True,
circomlib-ml,circomlib-ml\circuits\Conv2D.circom,library,3,0,3,0.33042407035827637,True,
circomlib-ml,circomlib-ml\circuits\Dense.circom,library,1,0,1,0.27865123748779297,True,
circomlib-ml,circomlib-ml\circuits\Flatten2D.circom,library,1,0,1,0.2611565589904785,True,
circomlib-ml,circomlib-ml\circuits\GlobalAveragePooling2D.circom,library,1,0,1,0.2892425060272217,True,
circomlib-ml,circomlib-ml\circuits\GlobalMaxPooling2D.circom,library,1,0,1,0.2956564426422119,True,
circomlib-ml,circomlib-ml\circuits\GlobalSumPooling2D.circom,library,1,0,1,0.2860093116760254,True,
circomlib-ml,circomlib-ml\circuits\MaxPooling2D.circom,library,1,0,1,0.2882535457611084,True,
circomlib-ml,circomlib-ml\circuits\Poly.circom,library,1,0,1,0.28421545028686523,True,
circomlib-ml,circomlib-ml\circuits\ReLU.circom,library,1,0,1,0.30582714080810547,True,
circomlib-ml,circomlib-ml\circuits\SumPooling2D.circom,library,1,0,1,0.31429624557495117,True,
circomlib-ml,circomlib-ml\circuits\util.circom,library,3,0,3,0.2913634777069092,True,
circomlib-ml,circomlib-ml\test\circuits\AveragePooling2D_stride_test.circom,main,0,0,0,0.31075143814086914,True,
circomlib-ml,circomlib-ml\test\circuits\AveragePooling2D_test.circom,main,0,0,0,0.30646228790283203,True,
circomlib-ml,circomlib-ml\test\circuits\BatchNormalization_test.circom,main,0,0,0,0.27286243438720703,True,
circomlib-ml,circomlib-ml\test\circuits\Conv1D_test.circom,main,0,0,0,0.31304311752319336,True,
circomlib-ml,circomlib-ml\test\circuits\Conv2D_stride_test.circom,main,0,0,0,0.3194611072540283,True,
circomlib-ml,circomlib-ml\test\circuits\Conv2D_test.circom,main,0,0,0,0.3175177574157715,True,
circomlib-ml,circomlib-ml\test\circuits\decryptMultiple_test.circom,main,0,0,0,0.30753159523010254,True,
circomlib-ml,circomlib-ml\test\circuits\decrypt_test.circom,main,0,0,0,0.27663087844848633,True,
circomlib-ml,circomlib-ml\test\circuits\Dense_test.circom,main,0,0,0,0.26924848556518555,True,
circomlib-ml,circomlib-ml\test\circuits\ecdh_test.circom,main,0,0,0,0.4471273422241211,True,
circomlib-ml,circomlib-ml\test\circuits\encryptDecrypt_test.circom,main,3,1,4,0.48932337760925293,True,
circomlib-ml,circomlib-ml\test\circuits\encrypted_mnist_latest_test.circom,main,1,1,2,1.1216416358947754,True,
circomlib-ml,circomlib-ml\test\circuits\encryptMultiple_test.circom,main,0,0,0,0.27927184104919434,True,
circomlib-ml,circomlib-ml\test\circuits\encrypt_test.circom,main,0,0,0,0.2665688991546631,True,
circomlib-ml,circomlib-ml\test\circuits\Flatten2D_test.circom,main,0,0,0,0.2718663215637207,True,
circomlib-ml,circomlib-ml\test\circuits\GlobalAveragePooling2D_test.circom,main,0,0,0,0.28417205810546875,True,
circomlib-ml,circomlib-ml\test\circuits\GlobalMaxPooling2D_test.circom,main,0,0,0,0.2977311611175537,True,
circomlib-ml,circomlib-ml\test\circuits\IsNegative_test.circom,main,0,0,0,0.2816460132598877,True,
circomlib-ml,circomlib-ml\test\circuits\IsPositive_test.circom,main,0,0,0,0.2983062267303467,True,
circomlib-ml,circomlib-ml\test\circuits\MaxPooling2D_stride_test.circom,main,0,0,0,0.29430603981018066,True,
circomlib-ml,circomlib-ml\test\circuits\MaxPooling2D_test.circom,main,0,0,0,0.29998087882995605,True,
circomlib-ml,circomlib-ml\test\circuits\Max_test.circom,main,0,0,0,0.2825033664703369,True,
circomlib-ml,circomlib-ml\test\circuits\mnist_convnet_test.circom,main,0,0,0,0.4489908218383789,True,
circomlib-ml,circomlib-ml\test\circuits\mnist_latest_precision_test.circom,main,0,0,0,0.6199436187744141,True,
circomlib-ml,circomlib-ml\test\circuits\mnist_latest_test.circom,main,0,0,0,0.5192780494689941,True,
circomlib-ml,circomlib-ml\test\circuits\mnist_test.circom,main,0,0,0,0.3748049736022949,True,
circomlib-ml,circomlib-ml\test\circuits\model1_test.circom,main,0,0,0,0.34238505363464355,True,
circomlib-ml,circomlib-ml\test\circuits\publicKey_test.circom,main,0,0,0,0.7210204601287842,True,
circomlib-ml,circomlib-ml\test\circuits\ReLU_test.circom,main,1,0,1,0.2831141948699951,True,
circomlib-ml,circomlib-ml\test\circuits\SumPooling2D_stride_test.circom,main,0,0,0,0.32868170738220215,True,
circomlib-ml,circomlib-ml\test\circuits\SumPooling2D_test.circom,main,0,0,0,0.3377828598022461,True,
circomlib-ml,circomlib-ml\circuits\circomlib\aliascheck.circom,library,0,1,1,0.28220272064208984,True,
circomlib-ml,circomlib-ml\circuits\circomlib\babyjub.circom,library,6,1,7,0.7047407627105713,True,
circomlib-ml,circomlib-ml\circuits\circomlib\binsum.circom,library,0,0,0,0.27046942710876465,True,
circomlib-ml,circomlib-ml\circuits\circomlib\bitify.circom,library,1,0,1,0.2765388488769531,True,
circomlib-ml,circomlib-ml\circuits\circomlib\comparators.circom,library,1,0,1,0.29366350173950195,True,
circomlib-ml,circomlib-ml\circuits\circomlib\compconstant.circom,library,0,0,0,0.2727339267730713,True,
circomlib-ml,circomlib-ml\circuits\circomlib\escalarmulany.circom,library,6,0,6,0.4682307243347168,True,
circomlib-ml,circomlib-ml\circuits\circomlib\escalarmulfix.circom,library,2,0,2,0.9709067344665527,True,
circomlib-ml,circomlib-ml\circuits\circomlib\mimc.circom,library,6,0,6,0.2771317958831787,True,
circomlib-ml,circomlib-ml\circuits\circomlib\montgomery.circom,library,3,0,3,0.2639632225036621,True,
circomlib-ml,circomlib-ml\circuits\circomlib\mux3.circom,library,10,0,10,0.2895066738128662,True,
circomlib-ml,circomlib-ml\circuits\circomlib\sign.circom,library,0,1,1,0.2752349376678467,True,
circomlib-ml,circomlib-ml\circuits\circomlib\switcher.circom,library,3,0,3,0.2632172107696533,True,
circomlib-ml,circomlib-ml\circuits\circomlib-matrix\matElemMul.circom,library,2,0,2,0.2540605068206787,True,
circomlib-ml,circomlib-ml\circuits\circomlib-matrix\matElemSum.circom,library,2,0,2,0.26899099349975586,True,
circomlib-ml,circomlib-ml\circuits\circomlib-matrix\matMul.circom,library,0,0,0,0.2742598056793213,True,
circomlib-ml,circomlib-ml\circuits\crypto\ecdh.circom,library,1,1,2,0.44719457626342773,True,
circomlib-ml,circomlib-ml\circuits\crypto\encrypt.circom,library,2,0,2,0.27359509468078613,True,
circomlib-ml,circomlib-ml\circuits\crypto\publickey_derivation.circom,library,0,1,1,0.7193009853363037,True,
darkforest-eth-9033eaf,darkforest-eth-9033eaf\biomebase.circom,library,1,1,2,26.145899295806885,True,
darkforest-eth-9033eaf,darkforest-eth-9033eaf\CalculateTotal.circom,library,2,0,2,0.2766108512878418,True,
darkforest-eth-9033eaf,darkforest-eth-9033eaf\init.circom,library,1,2,3,26.31568694114685,True,
darkforest-eth-9033eaf,darkforest-eth-9033eaf\move.circom,library,2,4,6,27.046452045440674,True,
darkforest-eth-9033eaf,darkforest-eth-9033eaf\perlin.circom,library,25,0,25,29.193928003311157,True,
darkforest-eth-9033eaf,darkforest-eth-9033eaf\QuinSelector.circom,library,2,0,2,0.29536986351013184,True,
darkforest-eth-9033eaf,darkforest-eth-9033eaf\range_proof.circom,library,0,3,3,0.2949717044830322,True,
darkforest-eth-9033eaf,darkforest-eth-9033eaf\reveal.circom,library,1,1,2,26.197805643081665,True,
darkforest-eth-9033eaf,darkforest-eth-9033eaf\whitelist.circom,library,1,0,1,0.27635979652404785,True,
ed25519-099d19c-fixed,ed25519-099d19c-fixed\batchverify.circom,library,0,0,0,3.963013172149658,False,"
thread 'main' has overflowed its stack
error: process didn't exit successfully: `target\release\circomspect.exe D:\dev\circomspect\benchmarks\projects\ed25519-099d19c-fixed\batchverify.circom --mode all` (exit code: 0xc00000fd, STATUS_STACK_OVERFLOW)"
ed25519-099d19c-fixed,ed25519-099d19c-fixed\binadd.circom,library,7,0,7,0.2920057773590088,True,
ed25519-099d19c-fixed,ed25519-099d19c-fixed\binmul.circom,library,2,0,2,0.2785985469818115,True,
ed25519-099d19c-fixed,ed25519-099d19c-fixed\binsub.circom,library,1,0,1,0.2816751003265381,True,
ed25519-099d19c-fixed,ed25519-099d19c-fixed\chunkedadd.circom,library,4,1,5,0.30029296875,True,
ed25519-099d19c-fixed,ed25519-099d19c-fixed\chunkedmul.circom,library,4,0,4,0.38107776641845703,True,
ed25519-099d19c-fixed,ed25519-099d19c-fixed\chunkedsub.circom,library,3,0,3,0.31914234161376953,True,
ed25519-099d19c-fixed,ed25519-099d19c-fixed\chunkify.circom,library,1,0,1,0.3005106449127197,True,
ed25519-099d19c-fixed,ed25519-099d19c-fixed\inversemodulo.circom,library,0,0,0,6.295356512069702,False,"
thread 'main' has overflowed its stack
error: process didn't exit successfully: `target\release\circomspect.exe D:\dev\circomspect\benchmarks\projects\ed25519-099d19c-fixed\inversemodulo.circom --mode all` (exit code: 0xc00000fd, STATUS_STACK_OVERFLOW)"
ed25519-099d19c-fixed,ed25519-099d19c-fixed\lt.circom,library,1,0,1,0.3055586814880371,True,
ed25519-099d19c-fixed,ed25519-099d19c-fixed\modinv.circom,library,0,0,0,2.7412197589874268,False,"
thread 'main' has overflowed its stack
error: process didn't exit successfully: `target\release\circomspect.exe D:\dev\circomspect\benchmarks\projects\ed25519-099d19c-fixed\modinv.circom --mode all` (exit code: 0xc00000fd, STATUS_STACK_OVERFLOW)"
ed25519-099d19c-fixed,ed25519-099d19c-fixed\modulus.circom,library,0,0,0,2.8091189861297607,False,"
thread 'main' has overflowed its stack
error: process didn't exit successfully: `target\release\circomspect.exe D:\dev\circomspect\benchmarks\projects\ed25519-099d19c-fixed\modulus.circom --mode all` (exit code: 0xc00000fd, STATUS_STACK_OVERFLOW)"
ed25519-099d19c-fixed,ed25519-099d19c-fixed\point-addition.circom,library,0,0,0,2.9565272331237793,False,"
thread 'main' has overflowed its stack
error: process didn't exit successfully: `target\release\circomspect.exe D:\dev\circomspect\benchmarks\projects\ed25519-099d19c-fixed\point-addition.circom --mode all` (exit code: 0xc00000fd, STATUS_STACK_OVERFLOW)"
ed25519-099d19c-fixed,ed25519-099d19c-fixed\pointcompress.circom,library,0,0,0,2.934934616088867,False,"
thread 'main' has overflowed its stack
error: process didn't exit successfully: `target\release\circomspect.exe D:\dev\circomspect\benchmarks\projects\ed25519-099d19c-fixed\pointcompress.circom --mode all` (exit code: 0xc00000fd, STATUS_STACK_OVERFLOW)"
ed25519-099d19c-fixed,ed25519-099d19c-fixed\scalarmul.circom,library,0,0,0,2.987076997756958,False,"
thread 'main' has overflowed its stack
error: process didn't exit successfully: `target\release\circomspect.exe D:\dev\circomspect\benchmarks\projects\ed25519-099d19c-fixed\scalarmul.circom --mode all` (exit code: 0xc00000fd, STATUS_STACK_OVERFLOW)"
ed25519-099d19c-fixed,ed25519-099d19c-fixed\utils.circom,library,0,0,0,0.3721790313720703,True,
ed25519-099d19c-fixed,ed25519-099d19c-fixed\verify.circom,library,0,0,0,3.0487935543060303,False,"
thread 'main' has overflowed its stack
error: process didn't exit successfully: `target\release\circomspect.exe D:\dev\circomspect\benchmarks\projects\ed25519-099d19c-fixed\verify.circom --mode all` (exit code: 0xc00000fd, STATUS_STACK_OVERFLOW)"
ed25519-099d19c-fixed,ed25519-099d19c-fixed\sha512-0562652\ch.circom,library,3,0,3,0.2531139850616455,True,
ed25519-099d19c-fixed,ed25519-099d19c-fixed\sha512-0562652\constants.circom,library,0,0,0,0.25415754318237305,True,
ed25519-099d19c-fixed,ed25519-099d19c-fixed\sha512-0562652\maj.circom,library,4,0,4,0.24953603744506836,True,
ed25519-099d19c-fixed,ed25519-099d19c-fixed\sha512-0562652\rotate.circom,library,1,0,1,0.26557207107543945,True,
ed25519-099d19c-fixed,ed25519-099d19c-fixed\sha512-0562652\sha512.circom,library,2,0,2,0.48200154304504395,True,
ed25519-099d19c-fixed,ed25519-099d19c-fixed\sha512-0562652\sha512compression.circom,library,10,0,10,0.435565710067749,True,
ed25519-099d19c-fixed,ed25519-099d19c-fixed\sha512-0562652\shift.circom,library,1,0,1,0.2588930130004883,True,
ed25519-099d19c-fixed,ed25519-099d19c-fixed\sha512-0562652\sigma.circom,library,1,0,1,0.2570915222167969,True,
ed25519-099d19c-fixed,ed25519-099d19c-fixed\sha512-0562652\sigmaplus.circom,library,2,0,2,0.27078700065612793,True,
ed25519-099d19c-fixed,ed25519-099d19c-fixed\sha512-0562652\t1.circom,library,3,0,3,0.28297924995422363,True,
ed25519-099d19c-fixed,ed25519-099d19c-fixed\sha512-0562652\t2.circom,library,3,0,3,0.28234124183654785,True,
ed25519-099d19c-fixed,ed25519-099d19c-fixed\sha512-0562652\xor3.circom,library,4,0,4,0.25353574752807617,True,
hermez-network-9a696e3-fixed,hermez-network-9a696e3-fixed\src\balance-updater.circom,library,6,1,7,0.26494479179382324,True,
hermez-network-9a696e3-fixed,hermez-network-9a696e3-fixed\src\compute-fee.circom,library,0,0,0,0.2610604763031006,True,
hermez-network-9a696e3-fixed,hermez-network-9a696e3-fixed\src\decode-tx.circom,library,4,0,4,0.3496551513671875,True,
hermez-network-9a696e3-fixed,hermez-network-9a696e3-fixed\src\fee-accumulator.circom,library,1,0,1,0.2547590732574463,True,
hermez-network-9a696e3-fixed,hermez-network-9a696e3-fixed\src\fee-tx.circom,library,0,0,0,0.27902960777282715,True,
hermez-network-9a696e3-fixed,hermez-network-9a696e3-fixed\src\hash-inputs.circom,library,0,0,0,0.28310251235961914,True,
hermez-network-9a696e3-fixed,hermez-network-9a696e3-fixed\src\rollup-main.circom,library,0,0,0,0.2537393569946289,True,
hermez-network-9a696e3-fixed,hermez-network-9a696e3-fixed\src\rollup-tx-states.circom,library,3,0,3,0.3036665916442871,True,
hermez-network-9a696e3-fixed,hermez-network-9a696e3-fixed\src\rollup-tx.circom,library,3,1,4,0.47492432594299316,True,
hermez-network-9a696e3-fixed,hermez-network-9a696e3-fixed\src\rq-tx-verifier.circom,library,0,0,0,0.251331090927124,True,
hermez-network-9a696e3-fixed,hermez-network-9a696e3-fixed\src\withdraw.circom,library,0,0,0,0.24213051795959473,True,
hermez-network-9a696e3-fixed,hermez-network-9a696e3-fixed\src\lib\decode-float.circom,library,1,0,1,0.2587299346923828,True,
hermez-network-9a696e3-fixed,hermez-network-9a696e3-fixed\src\lib\hash-state.circom,library,0,0,0,0.25363945960998535,True,
hermez-network-9a696e3-fixed,hermez-network-9a696e3-fixed\src\lib\mux256.circom,library,0,0,0,0.25083279609680176,True,
hermez-network-9a696e3-fixed,hermez-network-9a696e3-fixed\src\lib\utils-bjj.circom,library,1,0,1,0.25328540802001953,True,
hydra-2010a65,hydra-2010a65\hydra-s1.circom,library,6,3,9,2.737006902694702,True,
hydra-2010a65,hydra-2010a65\common\verify-hydra-commitment.circom,library,0,0,0,2.63250732421875,True,
hydra-2010a65,hydra-2010a65\common\verify-merkle-path.circom,library,7,0,7,2.5982978343963623,True,
iden3-core-56a08f9,iden3-core-56a08f9\authentication.circom,library,0,0,0,3.444941997528076,False,"
thread 'main' has overflowed its stack
error: process didn't exit successfully: `target\release\circomspect.exe D:\dev\circomspect\benchmarks\projects\iden3-core-56a08f9\authentication.circom --mode all` (exit code: 0xc00000fd, STATUS_STACK_OVERFLOW)"
iden3-core-56a08f9,iden3-core-56a08f9\authenticationWithRelay.circom,library,0,0,0,3.551815986633301,False,"
thread 'main' has overflowed its stack
error: process didn't exit successfully: `target\release\circomspect.exe D:\dev\circomspect\benchmarks\projects\iden3-core-56a08f9\authenticationWithRelay.circom --mode all` (exit code: 0xc00000fd, STATUS_STACK_OVERFLOW)"
iden3-core-56a08f9,iden3-core-56a08f9\idOwnershipBySignature.circom,library,0,0,0,3.5406906604766846,False,"
thread 'main' has overflowed its stack
error: process didn't exit successfully: `target\release\circomspect.exe D:\dev\circomspect\benchmarks\projects\iden3-core-56a08f9\idOwnershipBySignature.circom --mode all` (exit code: 0xc00000fd, STATUS_STACK_OVERFLOW)"
iden3-core-56a08f9,iden3-core-56a08f9\idOwnershipBySignatureWithRelay.circom,library,0,0,0,3.4300522804260254,False,"
thread 'main' has overflowed its stack
error: process didn't exit successfully: `target\release\circomspect.exe D:\dev\circomspect\benchmarks\projects\iden3-core-56a08f9\idOwnershipBySignatureWithRelay.circom --mode all` (exit code: 0xc00000fd, STATUS_STACK_OVERFLOW)"
iden3-core-56a08f9,iden3-core-56a08f9\stateTransition.circom,library,0,0,0,3.4547178745269775,False,"
thread 'main' has overflowed its stack
error: process didn't exit successfully: `target\release\circomspect.exe D:\dev\circomspect\benchmarks\projects\iden3-core-56a08f9\stateTransition.circom --mode all` (exit code: 0xc00000fd, STATUS_STACK_OVERFLOW)"
iden3-core-56a08f9,iden3-core-56a08f9\query\comparators.circom,library,2,0,2,0.2675309181213379,True,
iden3-core-56a08f9,iden3-core-56a08f9\query\credentialAtomicQueryMTP.circom,library,0,0,0,3.5649938583374023,False,"
thread 'main' has overflowed its stack
error: process didn't exit successfully: `target\release\circomspect.exe D:\dev\circomspect\benchmarks\projects\iden3-core-56a08f9\query\credentialAtomicQueryMTP.circom --mode all` (exit code: 0xc00000fd, STATUS_STACK_OVERFLOW)"
iden3-core-56a08f9,iden3-core-56a08f9\query\credentialAtomicQueryMTPWithRelay.circom,library,0,0,0,3.5686161518096924,False,"
thread 'main' has overflowed its stack
error: process didn't exit successfully: `target\release\circomspect.exe D:\dev\circomspect\benchmarks\projects\iden3-core-56a08f9\query\credentialAtomicQueryMTPWithRelay.circom --mode all` (exit code: 0xc00000fd, STATUS_STACK_OVERFLOW)"
iden3-core-56a08f9,iden3-core-56a08f9\query\credentialAtomicQuerySig.circom,library,0,0,0,3.443073034286499,False,"
thread 'main' has overflowed its stack
error: process didn't exit successfully: `target\release\circomspect.exe D:\dev\circomspect\benchmarks\projects\iden3-core-56a08f9\query\credentialAtomicQuerySig.circom --mode all` (exit code: 0xc00000fd, STATUS_STACK_OVERFLOW)"
iden3-core-56a08f9,iden3-core-56a08f9\query\query.circom,library,2,1,3,0.31726598739624023,True,
iden3-core-56a08f9,iden3-core-56a08f9\utils\claimUtils.circom,library,4,2,6,2.7246456146240234,True,
iden3-core-56a08f9,iden3-core-56a08f9\utils\treeUtils.circom,library,0,0,0,3.6058762073516846,False,"
thread 'main' has overflowed its stack
error: process didn't exit successfully: `target\release\circomspect.exe D:\dev\circomspect\benchmarks\projects\iden3-core-56a08f9\utils\treeUtils.circom --mode all` (exit code: 0xc00000fd, STATUS_STACK_OVERFLOW)"
keccak256-circom-af3e898,keccak256-circom-af3e898\keccak.circom,library,0,0,0,300.0,False,分析超时（>5分钟）
keccak256-circom-af3e898,keccak256-circom-af3e898\permutations.circom,library,4,0,4,19.721381664276123,True,
keccak256-circom-af3e898,keccak256-circom-af3e898\utils.circom,library,6,0,6,0.2949652671813965,True,
maci-9b1b1a6-fixed,maci-9b1b1a6-fixed\batchUpdateStateTree.circom,library,9,7,16,6.33187198638916,True,
maci-9b1b1a6-fixed,maci-9b1b1a6-fixed\decrypt.circom,library,1,0,1,0.36542725563049316,True,
maci-9b1b1a6-fixed,maci-9b1b1a6-fixed\ecdh.circom,library,1,1,2,0.4329361915588379,True,
maci-9b1b1a6-fixed,maci-9b1b1a6-fixed\hasherPoseidon.circom,library,0,0,0,2.632556915283203,True,
maci-9b1b1a6-fixed,maci-9b1b1a6-fixed\publickey_derivation.circom,library,0,1,1,0.6654794216156006,True,
maci-9b1b1a6-fixed,maci-9b1b1a6-fixed\quadVoteTally.circom,library,13,0,13,2.6946892738342285,True,
maci-9b1b1a6-fixed,maci-9b1b1a6-fixed\updateStateTree.circom,library,19,6,25,8.104170799255371,True,
maci-9b1b1a6-fixed,maci-9b1b1a6-fixed\verify_signature.circom,library,4,1,5,4.218595027923584,True,
maci-9b1b1a6-fixed,maci-9b1b1a6-fixed\poseidon\poseidonHashT3.circom,library,0,0,0,2.6283037662506104,True,
maci-9b1b1a6-fixed,maci-9b1b1a6-fixed\poseidon\poseidonHashT6.circom,library,0,0,0,2.6062405109405518,True,
maci-9b1b1a6-fixed,maci-9b1b1a6-fixed\trees\calculateTotal.circom,library,2,0,2,0.2801182270050049,True,
maci-9b1b1a6-fixed,maci-9b1b1a6-fixed\trees\checkRoot.circom,library,1,0,1,2.6357920169830322,True,
maci-9b1b1a6-fixed,maci-9b1b1a6-fixed\trees\incrementalMerkleTree.circom,library,4,0,4,2.6026060581207275,True,
maci-9b1b1a6-fixed,maci-9b1b1a6-fixed\trees\incrementalQuinTree.circom,library,7,0,7,2.7019715309143066,True,
telepathy,telepathy\sdk\src\circuits\poseidon_sync_committee.circom,library,0,0,0,0.29521799087524414,True,
telepathy,telepathy\circuits\circuits\bls.circom,library,10,0,10,16.533589363098145,True,
telepathy,telepathy\circuits\circuits\constants.circom,library,0,0,0,0.2691671848297119,True,
telepathy,telepathy\circuits\circuits\hash_to_field.circom,library,9,0,9,5.589890956878662,True,
telepathy,telepathy\circuits\circuits\inputs.circom,library,2,0,2,4.075908899307251,True,
telepathy,telepathy\circuits\circuits\poseidon.circom,library,0,0,0,0.2614326477050781,True,
telepathy,telepathy\circuits\circuits\rotate.circom,library,12,0,12,15.309702634811401,True,
telepathy,telepathy\circuits\circuits\sha256.circom,library,0,0,0,0.766855001449585,True,
telepathy,telepathy\circuits\circuits\ssz.circom,library,10,0,10,3.5277016162872314,True,
telepathy,telepathy\circuits\circuits\step.circom,library,0,0,0,300.0,False,分析超时（>5分钟）
telepathy,telepathy\circuits\circuits\sync_committee.circom,library,0,0,0,300.0,False,分析超时（>5分钟）
telepathy,telepathy\circuits\test\circuits\test_aggregate_bls_add_4.circom,library,0,0,0,0.2703866958618164,True,
telepathy,telepathy\circuits\test\circuits\test_aggregate_bls_add_512.circom,library,0,0,0,0.260467529296875,True,
telepathy,telepathy\circuits\test\circuits\test_aggregate_bls_verify_512.circom,library,0,0,0,0.2656834125518799,True,
telepathy,telepathy\circuits\test\circuits\test_assert_valid_signed_header.circom,library,0,0,0,0.25975847244262695,True,
telepathy,telepathy\circuits\test\circuits\test_expand_message_xmd.circom,library,0,0,0,0.25820350646972656,True,
telepathy,telepathy\circuits\test\circuits\test_hash_to_field.circom,library,0,0,0,0.26332569122314453,True,
telepathy,telepathy\circuits\test\circuits\test_i2osp_1.circom,library,0,0,0,0.2728536128997803,True,
telepathy,telepathy\circuits\test\circuits\test_i2osp_2.circom,library,0,0,0,0.25713062286376953,True,
telepathy,telepathy\circuits\test\circuits\test_poseidon_committment.circom,library,0,0,0,0.2557346820831299,True,
telepathy,telepathy\circuits\test\circuits\test_pubkey_bytes_to_big_int.circom,library,0,0,0,0.25852131843566895,True,
telepathy,telepathy\circuits\test\circuits\test_reborn.circom,main,0,0,0,0.25368642807006836,True,
telepathy,telepathy\circuits\test\circuits\test_sha_bytes_constraint_cost.circom,library,0,0,0,0.2578144073486328,True,
telepathy,telepathy\circuits\test\circuits\test_ssz_array_4.circom,library,0,0,0,0.2538638114929199,True,
telepathy,telepathy\circuits\test\circuits\test_sync_committee_committments.circom,main,0,0,0,0.25477051734924316,True,
telepathy,telepathy\circuits\test\circuits\test_template_assert_valid_signed_header.circom,library,2,0,2,0.25823020935058594,True,
telepathy,telepathy\circuits\circuits\pairing\bigint.circom,library,8,0,8,0.7701332569122314,True,
telepathy,telepathy\circuits\circuits\pairing\bigint_func.circom,library,0,0,0,0.367800235748291,True,
telepathy,telepathy\circuits\circuits\pairing\bls12_381_func.circom,library,0,0,0,8.216054677963257,True,
telepathy,telepathy\circuits\circuits\pairing\bls12_381_hash_to_G2.circom,library,0,0,0,300.0,False,分析超时（>5分钟）
telepathy,telepathy\circuits\circuits\pairing\bls_signature.circom,library,0,0,0,300.0,False,分析超时（>5分钟）
telepathy,telepathy\circuits\circuits\pairing\curve.circom,library,0,0,0,300.0,False,分析超时（>5分钟）
telepathy,telepathy\circuits\circuits\pairing\curve_fp2.circom,library,0,0,0,300.0,False,分析超时（>5分钟）
telepathy,telepathy\circuits\circuits\pairing\extra_curve.circom,library,7,0,7,40.326048612594604,True,
telepathy,telepathy\circuits\circuits\pairing\extra_field_circuits.circom,library,11,0,11,14.607533931732178,True,
telepathy,telepathy\circuits\circuits\pairing\field_elements_func.circom,library,0,0,0,0.28452110290527344,True,
telepathy,telepathy\circuits\circuits\pairing\final_exp.circom,library,0,0,0,300.0,False,分析超时（>5分钟）
telepathy,telepathy\circuits\circuits\pairing\fp.circom,library,6,0,6,3.33381986618042,True,
telepathy,telepathy\circuits\circuits\pairing\fp12.circom,library,0,0,0,300.0,False,分析超时（>5分钟）
telepathy,telepathy\circuits\circuits\pairing\fp12_func.circom,library,0,0,0,0.330669641494751,True,
telepathy,telepathy\circuits\circuits\pairing\fp2.circom,library,5,0,5,7.374735116958618,True,
telepathy,telepathy\circuits\circuits\pairing\pairing.circom,library,0,0,0,300.0,False,分析超时（>5分钟）
telepathy,telepathy\circuits\circuits\sha256\ch.circom,library,3,0,3,0.2734348773956299,True,
telepathy,telepathy\circuits\circuits\sha256\constants.circom,library,0,0,0,0.2732877731323242,True,
telepathy,telepathy\circuits\circuits\sha256\main.circom,main,0,0,0,0.5332443714141846,True,
telepathy,telepathy\circuits\circuits\sha256\maj.circom,library,4,0,4,0.27278995513916016,True,
telepathy,telepathy\circuits\circuits\sha256\rotate.circom,library,1,0,1,0.2653639316558838,True,
telepathy,telepathy\circuits\circuits\sha256\sha256.circom,library,2,0,2,0.564974308013916,True,
telepathy,telepathy\circuits\circuits\sha256\sha256compression.circom,library,10,0,10,0.5075893402099609,True,
telepathy,telepathy\circuits\circuits\sha256\sha256compression_function.circom,library,0,0,0,0.28295350074768066,True,
telepathy,telepathy\circuits\circuits\sha256\sha256_2.circom,library,0,0,0,0.5235779285430908,True,
telepathy,telepathy\circuits\circuits\sha256\shift.circom,library,1,0,1,0.26973605155944824,True,
telepathy,telepathy\circuits\circuits\sha256\sigma.circom,library,1,0,1,0.27495574951171875,True,
telepathy,telepathy\circuits\circuits\sha256\sigmaplus.circom,library,2,0,2,0.2830073833465576,True,
telepathy,telepathy\circuits\circuits\sha256\t1.circom,library,3,0,3,0.28896641731262207,True,
telepathy,telepathy\circuits\circuits\sha256\t2.circom,library,3,0,3,0.2828545570373535,True,
telepathy,telepathy\circuits\circuits\sha256\xor3.circom,library,4,0,4,0.2704784870147705,True,
