project_name,file_path,mode,has_output_taint,has_quantified_leak,leak_count,severity_low,severity_medium,severity_high,severity_critical,analysis_time,success,error_message
aes-circom-0784f74,aes-circom-0784f74\circuits\aes_256_ctr.circom,library,True,False,1,0,0,0,1,2.3421456813812256,True,
aes-circom-0784f74,aes-circom-0784f74\circuits\aes_256_encrypt.circom,library,True,False,1,0,0,0,1,0.36161041259765625,True,
aes-circom-0784f74,aes-circom-0784f74\circuits\aes_256_key_expansion.circom,library,True,False,1,0,0,0,1,0.3569362163543701,True,
aes-circom-0784f74,aes-circom-0784f74\circuits\aes_emulation.circom,library,True,False,1,0,0,0,1,0.27108001708984375,True,
aes-circom-0784f74,aes-circom-0784f74\circuits\aes_emulation_tables.circom,library,False,False,0,0,0,0,0,0.26240086555480957,True,
aes-circom-0784f74,aes-circom-0784f74\circuits\gcm_siv_dec_2_keys.circom,library,True,True,1,0,0,0,1,0.5331013202667236,True,
aes-circom-0784f74,aes-circom-0784f74\circuits\gcm_siv_enc_2_keys.circom,library,True,False,1,0,0,0,1,0.6393613815307617,True,
aes-circom-0784f74,aes-circom-0784f74\circuits\gfmul_int.circom,library,True,False,1,0,0,0,1,0.35596776008605957,True,
aes-circom-0784f74,aes-circom-0784f74\circuits\helper_functions.circom,library,True,True,1,0,0,0,1,0.3019838333129883,True,
aes-circom-0784f74,aes-circom-0784f74\circuits\mul.circom,library,True,False,1,0,0,0,1,0.3257308006286621,True,
aes-circom-0784f74,aes-circom-0784f74\circuits\polyval.circom,library,True,False,1,0,0,0,1,0.3711700439453125,True,
aes-circom-0784f74,aes-circom-0784f74\circuits\vclmul_emulator.circom,library,True,False,1,0,0,0,1,0.3249936103820801,True,
aes-circom-0784f74,aes-circom-0784f74\test\circuits\aes_256_ctr_test.circom,main,False,False,0,0,0,0,0,0.36208009719848633,True,
aes-circom-0784f74,aes-circom-0784f74\test\circuits\aes_256_encrypt_test.circom,main,False,False,0,0,0,0,0,0.36159729957580566,True,
aes-circom-0784f74,aes-circom-0784f74\test\circuits\aes_256_key_expansion_test.circom,main,False,False,0,0,0,0,0,0.34159302711486816,True,
aes-circom-0784f74,aes-circom-0784f74\test\circuits\gcm_siv_dec_2_keys_test.circom,main,False,False,0,0,0,0,0,0.5116875171661377,True,
aes-circom-0784f74,aes-circom-0784f74\test\circuits\gcm_siv_enc_2_keys_test.circom,main,False,False,0,0,0,0,0,0.6020410060882568,True,
aes-circom-0784f74,aes-circom-0784f74\test\circuits\gfmul_int_test.circom,main,False,False,0,0,0,0,0,0.3616294860839844,True,
aes-circom-0784f74,aes-circom-0784f74\test\circuits\mul_test.circom,main,False,False,0,0,0,0,0,0.3097391128540039,True,
aes-circom-0784f74,aes-circom-0784f74\test\circuits\polyval_test.circom,main,False,False,0,0,0,0,0,0.35106563568115234,True,
circom-ecdsa,circom-ecdsa\circuits\bigint.circom,library,True,True,6,0,0,0,6,0.4056708812713623,True,
circom-ecdsa,circom-ecdsa\circuits\bigint_4x64_mult.circom,library,True,False,1,0,0,0,1,0.4049344062805176,True,
circom-ecdsa,circom-ecdsa\circuits\bigint_func.circom,library,False,False,0,0,0,0,0,0.31313061714172363,True,
circom-ecdsa,circom-ecdsa\circuits\ecdsa.circom,library,False,True,1,1,0,0,0,26.375139236450195,True,
circom-ecdsa,circom-ecdsa\circuits\ecdsa_func.circom,library,False,False,0,0,0,0,0,25.632770776748657,True,
circom-ecdsa,circom-ecdsa\circuits\eth_addr.circom,library,True,False,1,0,0,0,1,26.487701177597046,True,
circom-ecdsa,circom-ecdsa\circuits\secp256k1.circom,library,True,False,1,0,0,0,1,0.6617779731750488,True,
circom-ecdsa,circom-ecdsa\circuits\secp256k1_func.circom,library,False,False,0,0,0,0,0,0.28071117401123047,True,
circom-ecdsa,circom-ecdsa\circuits\secp256k1_utils.circom,library,True,False,1,0,0,0,1,0.33954858779907227,True,
circom-ecdsa,circom-ecdsa\test\circuits\test_bigadd_15.circom,library,False,False,0,0,0,0,0,0.4119682312011719,True,
circom-ecdsa,circom-ecdsa\test\circuits\test_bigadd_23.circom,library,False,False,0,0,0,0,0,0.40821337699890137,True,
circom-ecdsa,circom-ecdsa\test\circuits\test_biglessthan_23.circom,library,False,False,0,0,0,0,0,0.4262106418609619,True,
circom-ecdsa,circom-ecdsa\test\circuits\test_bigmod_22.circom,library,False,False,0,0,0,0,0,0.4306917190551758,True,
circom-ecdsa,circom-ecdsa\test\circuits\test_bigmod_32.circom,library,False,False,0,0,0,0,0,0.4241149425506592,True,
circom-ecdsa,circom-ecdsa\test\circuits\test_bigmult_21.circom,library,False,False,0,0,0,0,0,0.4163668155670166,True,
circom-ecdsa,circom-ecdsa\test\circuits\test_bigmult_22.circom,library,False,False,0,0,0,0,0,0.418010950088501,True,
circom-ecdsa,circom-ecdsa\test\circuits\test_bigmult_23.circom,library,False,False,0,0,0,0,0,0.4051516056060791,True,
circom-ecdsa,circom-ecdsa\test\circuits\test_bigsubmodp_32.circom,library,False,False,0,0,0,0,0,0.41367340087890625,True,
circom-ecdsa,circom-ecdsa\test\circuits\test_bigsub_15.circom,library,False,False,0,0,0,0,0,0.4130873680114746,True,
circom-ecdsa,circom-ecdsa\test\circuits\test_bigsub_23.circom,library,False,False,0,0,0,0,0,0.42633938789367676,True,
circom-ecdsa,circom-ecdsa\test\circuits\test_ecdsa.circom,library,False,False,0,0,0,0,0,26.275609970092773,True,
circom-ecdsa,circom-ecdsa\test\circuits\test_ecdsa_verify.circom,library,False,False,0,0,0,0,0,26.16511106491089,True,
circom-ecdsa,circom-ecdsa\test\circuits\test_secp256k1_add.circom,library,False,False,0,0,0,0,0,0.6325123310089111,True,
circom-ecdsa,circom-ecdsa\test\circuits\test_secp256k1_double.circom,library,False,False,0,0,0,0,0,0.6227521896362305,True,
circom-ecdsa,circom-ecdsa\test\circuits\test_secp256k1_poc.circom,library,False,False,0,0,0,0,0,0.6111252307891846,True,
circom-ecdsa,circom-ecdsa\test\circuits\test_secp256k1_scalarmult.circom,library,False,False,0,0,0,0,0,0.622107744216919,True,
circom-ecdsa,circom-ecdsa\scripts\eth_addr\eth_addr.circom,library,False,False,0,0,0,0,0,26.765308618545532,True,
circom-ecdsa,circom-ecdsa\scripts\groupsig\groupsig.circom,library,True,False,1,0,0,0,1,26.613309144973755,True,
circom-ecdsa,circom-ecdsa\scripts\pubkeygen\pubkeygen.circom,library,False,False,0,0,0,0,0,26.203699588775635,True,
circom-ecdsa,circom-ecdsa\scripts\verify\verify.circom,library,False,False,0,0,0,0,0,26.391711950302124,True,
circom-ecdsa,circom-ecdsa\circuits\vocdoni-keccak\keccak.circom,library,True,False,1,0,0,0,1,0.6461606025695801,True,
circom-ecdsa,circom-ecdsa\circuits\vocdoni-keccak\permutations.circom,library,True,False,1,0,0,0,1,0.6163103580474854,True,
circom-ecdsa,circom-ecdsa\circuits\vocdoni-keccak\utils.circom,library,True,False,1,0,0,0,1,0.297713041305542,True,
circom-ecdsa,circom-ecdsa\circuits\zk-identity\eth.circom,library,True,False,1,0,0,0,1,0.6636645793914795,True,
circom-pairing,circom-pairing\circuits\bigint.circom,library,True,True,6,0,0,0,6,0.5261240005493164,True,
circom-pairing,circom-pairing\circuits\bigint_func.circom,library,False,False,0,0,0,0,0,0.3487849235534668,True,
circom-pairing,circom-pairing\circuits\bls12_381_func.circom,library,False,False,0,0,0,0,0,7.478618383407593,True,
circom-pairing,circom-pairing\circuits\bls12_381_hash_to_G2.circom,library,True,True,4,0,0,0,4,8.587619066238403,True,
circom-pairing,circom-pairing\circuits\bls_signature.circom,library,True,False,1,0,0,0,1,9.221869707107544,True,
circom-pairing,circom-pairing\circuits\curve.circom,library,True,True,6,0,3,0,3,0.7807013988494873,True,
circom-pairing,circom-pairing\circuits\curve_fp2.circom,library,True,True,6,0,3,0,3,7.89605450630188,True,
circom-pairing,circom-pairing\circuits\extra_curve.circom,library,True,True,3,0,0,0,3,9.19191288948059,True,
circom-pairing,circom-pairing\circuits\extra_field_circuits.circom,library,True,True,4,0,0,0,4,8.10697603225708,True,
circom-pairing,circom-pairing\circuits\field_elements_func.circom,library,False,False,0,0,0,0,0,0.3599693775177002,True,
circom-pairing,circom-pairing\circuits\final_exp.circom,library,True,False,1,0,0,0,1,8.05343508720398,True,
circom-pairing,circom-pairing\circuits\fp.circom,library,True,True,3,0,0,0,3,0.5749204158782959,True,
circom-pairing,circom-pairing\circuits\fp12.circom,library,True,False,1,0,0,0,1,7.823686838150024,True,
circom-pairing,circom-pairing\circuits\fp12_func.circom,library,False,False,0,0,0,0,0,0.39902830123901367,True,
circom-pairing,circom-pairing\circuits\fp2.circom,library,True,True,3,0,0,0,3,0.664919376373291,True,
circom-pairing,circom-pairing\circuits\pairing.circom,library,True,False,1,0,0,0,1,9.22847843170166,True,
circom-pairing,circom-pairing\test\circuits\test_bls12-381_add.circom,library,False,False,0,0,0,0,0,0.8431479930877686,True,
circom-pairing,circom-pairing\test\circuits\test_bls12-381_double.circom,library,False,False,0,0,0,0,0,0.7897443771362305,True,
circom-pairing,circom-pairing\test\circuits\test_fp12_add_22.circom,library,False,False,0,0,0,0,0,7.798218250274658,True,
circom-pairing,circom-pairing\test\circuits\test_fp12_compression_32.circom,library,True,False,1,0,0,0,1,8.066151142120361,True,
circom-pairing,circom-pairing\test\circuits\test_fp12_cyclotomicExp_32.circom,library,False,False,0,0,0,0,0,7.937016487121582,True,
circom-pairing,circom-pairing\test\circuits\test_fp12_cyclotomicSquare_32.circom,library,False,False,0,0,0,0,0,7.964182615280151,True,
circom-pairing,circom-pairing\test\circuits\test_fp12_invert_42.circom,library,False,False,0,0,0,0,0,7.650875091552734,True,
circom-pairing,circom-pairing\test\circuits\test_fp12_multiply2_32.circom,library,False,False,0,0,0,0,0,7.8980255126953125,True,
circom-pairing,circom-pairing\test\circuits\test_fp12_multiply_32.circom,library,False,False,0,0,0,0,0,7.600273132324219,True,
circom-pairing,circom-pairing\test\circuits\test_fp12_pow4_32.circom,library,False,False,0,0,0,0,0,7.829626083374023,True,
circom-pairing,circom-pairing\test\circuits\test_fp2_add_22.circom,library,False,False,0,0,0,0,0,0.6567282676696777,True,
circom-pairing,circom-pairing\test\circuits\test_fp2_invert_42.circom,library,False,False,0,0,0,0,0,0.6651875972747803,True,
circom-pairing,circom-pairing\test\circuits\test_fp2_multiply_42.circom,library,False,False,0,0,0,0,0,0.6761407852172852,True,
circom-pairing,circom-pairing\test\circuits\test_linefunc_equal_32.circom,library,False,False,0,0,0,0,0,0.7754554748535156,True,
circom-pairing,circom-pairing\test\circuits\test_linefunc_unequal_32.circom,library,False,False,0,0,0,0,0,0.8044517040252686,True,
circom-pairing,circom-pairing\test\circuits\test_multiply_linefunc_equal_32.circom,library,False,False,0,0,0,0,0,0.7926962375640869,True,
circom-pairing,circom-pairing\test\circuits\test_multiply_linefunc_unequal_32.circom,library,False,False,0,0,0,0,0,0.7834699153900146,True,
circom-pairing,circom-pairing\test\circuits\test_secp256k1_add.circom,library,False,False,0,0,0,0,0,0.7918462753295898,True,
circom-pairing,circom-pairing\scripts\addfp2\addfp2.circom,main,False,False,0,0,0,0,0,7.819155693054199,True,
circom-pairing,circom-pairing\scripts\dev\dev.circom,main,False,False,0,0,0,0,0,5.375135183334351,True,
circom-pairing,circom-pairing\scripts\dev\fp12carrymodp.circom,main,False,False,0,0,0,0,0,7.461931943893433,True,
circom-pairing,circom-pairing\scripts\finalexp\finalexp.circom,main,False,False,0,0,0,0,0,7.798830270767212,True,
circom-pairing,circom-pairing\scripts\fp12multiply\fp12multiply.circom,main,False,False,0,0,0,0,0,7.462168455123901,True,
circom-pairing,circom-pairing\scripts\fp12multiply\fp12multiplynocarry.circom,main,False,False,0,0,0,0,0,7.522403717041016,True,
circom-pairing,circom-pairing\scripts\fp12multiply\fp12multiply_55_7.circom,main,False,False,0,0,0,0,0,11.565253734588623,True,
circom-pairing,circom-pairing\scripts\linefunctionequal\input_linefunctionequal_35_11.circom,library,False,False,0,0,0,0,0,0.27202510833740234,True,
circom-pairing,circom-pairing\scripts\linefunctionequal\linefunctionequal.circom,main,False,False,0,0,0,0,0,0.7155060768127441,True,
circom-pairing,circom-pairing\scripts\linefunctionequal\linefunctionequal_35_11.circom,main,False,False,0,0,0,0,0,0.7136807441711426,True,
circom-pairing,circom-pairing\scripts\maptoG2\maptoG2.circom,library,False,False,0,0,0,0,0,8.334714889526367,True,
circom-pairing,circom-pairing\scripts\millerloop\millerloop.circom,main,False,False,0,0,0,0,0,7.634851455688477,True,
circom-pairing,circom-pairing\scripts\millerloop\millerloop_35_11.circom,main,False,False,0,0,0,0,0,0.7065138816833496,True,
circom-pairing,circom-pairing\scripts\millerloop\millerloop_55_7.circom,main,False,False,0,0,0,0,0,0.7141289710998535,True,
circom-pairing,circom-pairing\scripts\millerloopfp2\millerloopfp2.circom,main,False,False,0,0,0,0,0,7.895070791244507,True,
circom-pairing,circom-pairing\scripts\optimalate\optimalate.circom,main,False,False,0,0,0,0,0,8.587511539459229,True,
circom-pairing,circom-pairing\scripts\signature\signature.circom,library,False,False,0,0,0,0,0,9.55762267112732,True,
circom-pairing,circom-pairing\scripts\subgroupcheckG1\subgroupcheckG1.circom,library,False,False,0,0,0,0,0,8.304627418518066,True,
circom-pairing,circom-pairing\scripts\subgroupcheckG2\subgroupcheckG2.circom,library,False,False,0,0,0,0,0,8.306825160980225,True,
circom-pairing,circom-pairing\scripts\tatepairing\tatepairing.circom,main,False,False,0,0,0,0,0,8.872105121612549,True,
circom-pairing,circom-pairing\circuits\bn254\bn254_func.circom,library,False,False,0,0,0,0,0,3.449671745300293,True,
circom-pairing,circom-pairing\circuits\bn254\curve.circom,library,True,True,2,0,0,0,2,0.8056533336639404,True,
circom-pairing,circom-pairing\circuits\bn254\curve_fp2.circom,library,True,True,6,0,3,0,3,0.8744711875915527,True,
circom-pairing,circom-pairing\circuits\bn254\final_exp.circom,library,True,False,1,0,0,0,1,4.501995801925659,True,
circom-pairing,circom-pairing\circuits\bn254\fp12.circom,library,True,False,1,0,0,0,1,4.0669755935668945,True,
circom-pairing,circom-pairing\circuits\bn254\fp12_func.circom,library,False,False,0,0,0,0,0,0.36830806732177734,True,
circom-pairing,circom-pairing\circuits\bn254\groth16.circom,library,True,False,1,0,0,0,1,5.923931360244751,True,
circom-pairing,circom-pairing\circuits\bn254\pairing.circom,library,True,False,1,0,0,0,1,5.796520233154297,True,
circom-pairing,circom-pairing\circuits\bn254\subgroup_check.circom,library,True,False,1,0,0,0,1,4.193236589431763,True,
circomlib,circomlib\circuits\aliascheck.circom,library,False,False,0,0,0,0,0,0.28967928886413574,True,
circomlib,circomlib\circuits\babyjub.circom,library,True,True,7,0,0,0,7,0.3592820167541504,True,
circomlib,circomlib\circuits\binsub.circom,library,False,False,0,0,0,0,0,0.2616438865661621,True,
circomlib,circomlib\circuits\binsum.circom,library,False,False,0,0,0,0,0,0.261338472366333,True,
circomlib,circomlib\circuits\bitify.circom,library,True,True,1,0,0,0,1,0.28206443786621094,True,
circomlib,circomlib\circuits\comparators.circom,library,True,True,1,0,0,0,1,0.2761979103088379,True,
circomlib,circomlib\circuits\compconstant.circom,library,True,False,1,0,0,0,1,0.2776050567626953,True,
circomlib,circomlib\circuits\eddsa.circom,library,False,False,0,0,0,0,0,0.4186971187591553,True,
circomlib,circomlib\circuits\eddsamimc.circom,library,True,True,1,0,0,0,1,0.39522361755371094,True,
circomlib,circomlib\circuits\eddsamimcsponge.circom,library,True,True,1,0,0,0,1,0.41555118560791016,True,
circomlib,circomlib\circuits\eddsaposeidon.circom,library,True,True,1,0,0,0,1,2.7365541458129883,True,
circomlib,circomlib\circuits\escalarmul.circom,library,True,True,4,0,0,0,4,0.4445018768310547,True,
circomlib,circomlib\circuits\escalarmulany.circom,library,True,True,2,1,0,0,1,0.3825528621673584,True,
circomlib,circomlib\circuits\escalarmulfix.circom,library,True,True,4,0,0,0,4,0.3479764461517334,True,
circomlib,circomlib\circuits\escalarmulw4table.circom,library,False,False,0,0,0,0,0,0.2687203884124756,True,
circomlib,circomlib\circuits\gates.circom,library,True,True,3,0,0,0,3,0.2638208866119385,True,
circomlib,circomlib\circuits\mimc.circom,library,True,True,1,0,0,0,1,0.2685410976409912,True,
circomlib,circomlib\circuits\mimcsponge.circom,library,True,False,1,0,0,0,1,0.2748873233795166,True,
circomlib,circomlib\circuits\montgomery.circom,library,True,False,1,0,0,0,1,0.27320432662963867,True,
circomlib,circomlib\circuits\multiplexer.circom,library,False,True,2,2,0,0,0,0.26435041427612305,True,
circomlib,circomlib\circuits\mux1.circom,library,True,True,1,0,0,0,1,0.26821160316467285,True,
circomlib,circomlib\circuits\mux2.circom,library,True,False,1,0,0,0,1,0.2687191963195801,True,
circomlib,circomlib\circuits\mux3.circom,library,True,False,1,0,0,0,1,0.2760632038116455,True,
circomlib,circomlib\circuits\mux4.circom,library,True,False,1,0,0,0,1,0.3266258239746094,True,
circomlib,circomlib\circuits\pedersen.circom,library,True,False,1,0,0,0,1,0.377932071685791,True,
circomlib,circomlib\circuits\pedersen_old.circom,library,True,False,1,0,0,0,1,0.43259668350219727,True,
circomlib,circomlib\circuits\pointbits.circom,library,True,True,1,0,0,0,1,0.3671140670776367,True,
circomlib,circomlib\circuits\poseidon.circom,library,True,True,1,0,0,0,1,2.687845230102539,True,
circomlib,circomlib\circuits\poseidon_constants.circom,library,False,False,0,0,0,0,0,2.6098268032073975,True,
circomlib,circomlib\circuits\poseidon_constants_old.circom,library,False,False,0,0,0,0,0,1.0409235954284668,True,
circomlib,circomlib\circuits\poseidon_old.circom,library,True,True,1,0,0,0,1,2.5371816158294678,True,
circomlib,circomlib\circuits\sign.circom,library,True,False,1,0,0,0,1,0.2934534549713135,True,
circomlib,circomlib\circuits\switcher.circom,library,True,True,3,0,0,0,3,0.254439115524292,True,
circomlib,circomlib\test\circuits\aliascheck_test.circom,main,False,False,0,0,0,0,0,0.2660067081451416,True,
circomlib,circomlib\test\circuits\babyadd_tester.circom,main,False,False,0,0,0,0,0,0.31762170791625977,True,
circomlib,circomlib\test\circuits\babycheck_test.circom,main,False,False,0,0,0,0,0,0.3129420280456543,True,
circomlib,circomlib\test\circuits\babypbk_test.circom,main,False,False,0,0,0,0,0,0.3215517997741699,True,
circomlib,circomlib\test\circuits\binsub_test.circom,main,True,True,3,0,0,0,3,0.27966809272766113,True,
circomlib,circomlib\test\circuits\constants_test.circom,library,False,False,0,0,0,0,0,0.25632143020629883,True,
circomlib,circomlib\test\circuits\eddsamimc_test.circom,main,False,False,0,0,0,0,0,0.3874697685241699,True,
circomlib,circomlib\test\circuits\eddsaposeidon_test.circom,main,False,False,0,0,0,0,0,2.6883132457733154,True,
circomlib,circomlib\test\circuits\eddsa_test.circom,main,False,False,0,0,0,0,0,0.3859882354736328,True,
circomlib,circomlib\test\circuits\edwards2montgomery.circom,main,False,False,0,0,0,0,0,0.2606368064880371,True,
circomlib,circomlib\test\circuits\escalarmulany_test.circom,main,True,True,4,1,0,0,3,0.33917713165283203,True,
circomlib,circomlib\test\circuits\escalarmulfix_test.circom,main,True,True,3,0,0,0,3,0.3224833011627197,True,
circomlib,circomlib\test\circuits\escalarmulw4table.circom,main,False,False,0,0,0,0,0,0.26084399223327637,True,
circomlib,circomlib\test\circuits\escalarmulw4table_test.circom,main,True,True,2,0,0,0,2,0.26305365562438965,True,
circomlib,circomlib\test\circuits\escalarmulw4table_test3.circom,main,True,True,2,0,0,0,2,0.25893378257751465,True,
circomlib,circomlib\test\circuits\escalarmul_min_test.circom,main,True,True,2,0,0,0,2,0.3860323429107666,True,
circomlib,circomlib\test\circuits\escalarmul_test.circom,main,True,True,3,0,0,0,3,0.3926370143890381,True,
circomlib,circomlib\test\circuits\escalarmul_test_min.circom,main,True,True,2,0,0,0,2,0.372495174407959,True,
circomlib,circomlib\test\circuits\greatereqthan.circom,main,False,False,0,0,0,0,0,0.27527332305908203,True,
circomlib,circomlib\test\circuits\greaterthan.circom,main,False,False,0,0,0,0,0,0.27092623710632324,True,
circomlib,circomlib\test\circuits\isequal.circom,main,False,False,0,0,0,0,0,0.2668569087982178,True,
circomlib,circomlib\test\circuits\iszero.circom,main,False,False,0,0,0,0,0,0.2664947509765625,True,
circomlib,circomlib\test\circuits\lesseqthan.circom,main,False,False,0,0,0,0,0,0.27590250968933105,True,
circomlib,circomlib\test\circuits\lessthan.circom,main,False,False,0,0,0,0,0,0.2720954418182373,True,
circomlib,circomlib\test\circuits\mimc_sponge_hash_test.circom,main,False,False,0,0,0,0,0,0.26372742652893066,True,
circomlib,circomlib\test\circuits\mimc_sponge_test.circom,main,False,False,0,0,0,0,0,0.2686197757720947,True,
circomlib,circomlib\test\circuits\mimc_test.circom,main,False,False,0,0,0,0,0,0.26255083084106445,True,
circomlib,circomlib\test\circuits\montgomery2edwards.circom,main,False,False,0,0,0,0,0,0.2592129707336426,True,
circomlib,circomlib\test\circuits\montgomeryadd.circom,main,False,False,0,0,0,0,0,0.26102304458618164,True,
circomlib,circomlib\test\circuits\montgomerydouble.circom,main,False,False,0,0,0,0,0,0.2627413272857666,True,
circomlib,circomlib\test\circuits\mux1_1.circom,main,True,True,2,0,0,0,2,0.2726006507873535,True,
circomlib,circomlib\test\circuits\mux2_1.circom,main,True,True,2,0,0,0,2,0.280350923538208,True,
circomlib,circomlib\test\circuits\mux3_1.circom,main,True,True,2,0,0,0,2,0.28626227378845215,True,
circomlib,circomlib\test\circuits\mux4_1.circom,main,True,True,2,0,0,0,2,0.32370948791503906,True,
circomlib,circomlib\test\circuits\pedersen2_test.circom,main,True,True,1,0,0,0,1,0.34800124168395996,True,
circomlib,circomlib\test\circuits\pedersen_test.circom,main,False,False,0,0,0,0,0,0.3727114200592041,True,
circomlib,circomlib\test\circuits\pointbits_loopback.circom,main,True,True,1,0,0,0,1,0.32796335220336914,True,
circomlib,circomlib\test\circuits\poseidon3_test.circom,main,False,False,0,0,0,0,0,2.5687503814697266,True,
circomlib,circomlib\test\circuits\poseidon6_test.circom,main,False,False,0,0,0,0,0,2.5582447052001953,True,
circomlib,circomlib\test\circuits\poseidonex_test.circom,main,False,False,0,0,0,0,0,2.5081191062927246,True,
circomlib,circomlib\test\circuits\sha256_2_test.circom,main,True,True,1,0,0,0,1,0.36131763458251953,True,
circomlib,circomlib\test\circuits\sha256_test448.circom,main,False,False,0,0,0,0,0,0.3556053638458252,True,
circomlib,circomlib\test\circuits\sha256_test512.circom,main,False,False,0,0,0,0,0,0.35451793670654297,True,
circomlib,circomlib\test\circuits\sign_test.circom,main,False,False,0,0,0,0,0,0.2814300060272217,True,
circomlib,circomlib\test\circuits\smtprocessor10_test.circom,main,False,False,0,0,0,0,0,2.668947458267212,True,
circomlib,circomlib\test\circuits\smtverifier10_test.circom,main,False,False,0,0,0,0,0,2.5637214183807373,True,
circomlib,circomlib\test\circuits\sum_test.circom,main,True,True,3,0,0,0,3,0.27866148948669434,True,
circomlib,circomlib\circuits\sha256\ch.circom,library,True,False,1,0,0,0,1,0.2519865036010742,True,
circomlib,circomlib\circuits\sha256\constants.circom,library,False,False,0,0,0,0,0,0.26313257217407227,True,
circomlib,circomlib\circuits\sha256\main.circom,main,True,True,1,0,0,0,1,0.3592376708984375,True,
circomlib,circomlib\circuits\sha256\maj.circom,library,True,False,1,0,0,0,1,0.2602405548095703,True,
circomlib,circomlib\circuits\sha256\rotate.circom,library,True,False,1,0,0,0,1,0.2551536560058594,True,
circomlib,circomlib\circuits\sha256\sha256.circom,library,True,False,1,0,0,0,1,0.3918886184692383,True,
circomlib,circomlib\circuits\sha256\sha256compression.circom,library,False,False,0,0,0,0,0,0.37920355796813965,True,
circomlib,circomlib\circuits\sha256\sha256compression_function.circom,library,False,False,0,0,0,0,0,0.26508164405822754,True,
circomlib,circomlib\circuits\sha256\sha256_2.circom,library,True,False,1,0,0,0,1,0.39214324951171875,True,
circomlib,circomlib\circuits\sha256\shift.circom,library,True,False,1,0,0,0,1,0.2864696979522705,True,
circomlib,circomlib\circuits\sha256\sigma.circom,library,True,False,1,0,0,0,1,0.2734415531158447,True,
circomlib,circomlib\circuits\sha256\sigmaplus.circom,library,False,False,0,0,0,0,0,0.2838141918182373,True,
circomlib,circomlib\circuits\sha256\t1.circom,library,False,False,0,0,0,0,0,0.3235468864440918,True,
circomlib,circomlib\circuits\sha256\t2.circom,library,False,False,0,0,0,0,0,0.3059530258178711,True,
circomlib,circomlib\circuits\sha256\xor3.circom,library,True,False,1,0,0,0,1,0.26790785789489746,True,
circomlib,circomlib\circuits\smt\smthash_mimc.circom,library,True,False,1,0,0,0,1,0.2766580581665039,True,
circomlib,circomlib\circuits\smt\smthash_poseidon.circom,library,False,False,0,0,0,0,0,2.622995138168335,True,
circomlib,circomlib\circuits\smt\smtlevins.circom,library,True,False,1,0,0,0,1,0.2766847610473633,True,
circomlib,circomlib\circuits\smt\smtprocessor.circom,library,True,True,6,0,0,0,6,2.649127244949341,True,
circomlib,circomlib\circuits\smt\smtprocessorlevel.circom,library,True,True,4,0,0,0,4,0.26763105392456055,True,
circomlib,circomlib\circuits\smt\smtprocessorsm.circom,library,True,True,9,0,0,0,9,0.2592322826385498,True,
circomlib,circomlib\circuits\smt\smtverifier.circom,library,True,True,3,1,0,0,2,2.617988109588623,True,
circomlib,circomlib\circuits\smt\smtverifierlevel.circom,library,True,True,2,0,0,0,2,0.25966930389404297,True,
circomlib,circomlib\circuits\smt\smtverifiersm.circom,library,True,True,8,0,0,0,8,0.257171630859375,True,
circomlib-matrix,circomlib-matrix\circuits\matAdd.circom,library,True,False,1,0,0,0,1,0.26135921478271484,True,
circomlib-matrix,circomlib-matrix\circuits\matElemMul.circom,library,True,False,1,0,0,0,1,0.2657599449157715,True,
circomlib-matrix,circomlib-matrix\circuits\matElemPow.circom,library,True,False,1,0,0,0,1,0.2616605758666992,True,
circomlib-matrix,circomlib-matrix\circuits\matElemSum.circom,library,True,False,1,0,0,0,1,0.2616302967071533,True,
circomlib-matrix,circomlib-matrix\circuits\matMul.circom,library,True,False,1,0,0,0,1,0.270552396774292,True,
circomlib-matrix,circomlib-matrix\circuits\matPow.circom,library,True,False,1,0,0,0,1,0.2768518924713135,True,
circomlib-matrix,circomlib-matrix\circuits\matScalarAdd.circom,library,True,True,1,0,0,0,1,0.25954294204711914,True,
circomlib-matrix,circomlib-matrix\circuits\matScalarMul.circom,library,True,True,1,0,0,0,1,0.2642083168029785,True,
circomlib-matrix,circomlib-matrix\circuits\matScalarSub.circom,library,True,True,1,0,0,0,1,0.2610926628112793,True,
circomlib-matrix,circomlib-matrix\circuits\matSub.circom,library,True,False,1,0,0,0,1,0.26845788955688477,True,
circomlib-matrix,circomlib-matrix\circuits\outer.circom,library,True,False,1,0,0,0,1,0.2632761001586914,True,
circomlib-matrix,circomlib-matrix\circuits\power.circom,library,True,False,1,0,0,0,1,0.2552216053009033,True,
circomlib-matrix,circomlib-matrix\circuits\trace.circom,library,True,False,1,0,0,0,1,0.2822692394256592,True,
circomlib-matrix,circomlib-matrix\circuits\transpose.circom,library,True,False,1,0,0,0,1,0.2678518295288086,True,
circomlib-matrix,circomlib-matrix\test\circuits\matAdd_test.circom,main,False,False,0,0,0,0,0,0.26016807556152344,True,
circomlib-matrix,circomlib-matrix\test\circuits\matElemMul_test.circom,main,False,False,0,0,0,0,0,0.26457905769348145,True,
circomlib-matrix,circomlib-matrix\test\circuits\matElemPow_test.circom,main,False,False,0,0,0,0,0,0.2698357105255127,True,
circomlib-matrix,circomlib-matrix\test\circuits\matMul_test.circom,main,False,False,0,0,0,0,0,0.27469754219055176,True,
circomlib-matrix,circomlib-matrix\test\circuits\matPow_test.circom,main,False,False,0,0,0,0,0,0.2786223888397217,True,
circomlib-matrix,circomlib-matrix\test\circuits\matScalarAdd_test.circom,main,False,False,0,0,0,0,0,0.2670328617095947,True,
circomlib-matrix,circomlib-matrix\test\circuits\matScalarMul_test.circom,main,False,False,0,0,0,0,0,0.27663230895996094,True,
circomlib-matrix,circomlib-matrix\test\circuits\matScalarSub_test.circom,main,False,False,0,0,0,0,0,0.2614784240722656,True,
circomlib-matrix,circomlib-matrix\test\circuits\matSub_test.circom,main,False,False,0,0,0,0,0,0.2628951072692871,True,
circomlib-matrix,circomlib-matrix\test\circuits\outer_test.circom,main,False,False,0,0,0,0,0,0.2659635543823242,True,
circomlib-matrix,circomlib-matrix\test\circuits\trace_test.circom,main,False,False,0,0,0,0,0,0.2592496871948242,True,
circomlib-matrix,circomlib-matrix\test\circuits\tranpose_test.circom,main,False,False,0,0,0,0,0,0.25989794731140137,True,
circomlib-ml,circomlib-ml\circuits\ArgMax.circom,library,True,False,1,0,0,0,1,0.3019416332244873,True,
circomlib-ml,circomlib-ml\circuits\AveragePooling2D.circom,library,True,False,1,0,0,0,1,0.3040027618408203,True,
circomlib-ml,circomlib-ml\circuits\BatchNormalization2D.circom,library,True,False,1,0,0,0,1,0.2659175395965576,True,
circomlib-ml,circomlib-ml\circuits\Conv1D.circom,library,True,False,1,0,0,0,1,0.3089613914489746,True,
circomlib-ml,circomlib-ml\circuits\Conv2D.circom,library,True,False,1,0,0,0,1,0.31549549102783203,True,
circomlib-ml,circomlib-ml\circuits\Dense.circom,library,True,False,1,0,0,0,1,0.27733540534973145,True,
circomlib-ml,circomlib-ml\circuits\Flatten2D.circom,library,True,False,1,0,0,0,1,0.2606475353240967,True,
circomlib-ml,circomlib-ml\circuits\GlobalAveragePooling2D.circom,library,True,False,1,0,0,0,1,0.29425668716430664,True,
circomlib-ml,circomlib-ml\circuits\GlobalMaxPooling2D.circom,library,True,False,1,0,0,0,1,0.2912304401397705,True,
circomlib-ml,circomlib-ml\circuits\GlobalSumPooling2D.circom,library,True,False,1,0,0,0,1,0.3005704879760742,True,
circomlib-ml,circomlib-ml\circuits\MaxPooling2D.circom,library,True,False,1,0,0,0,1,0.2947428226470947,True,
circomlib-ml,circomlib-ml\circuits\Poly.circom,library,True,True,1,0,0,0,1,0.26670408248901367,True,
circomlib-ml,circomlib-ml\circuits\ReLU.circom,library,True,True,1,0,0,0,1,0.2876870632171631,True,
circomlib-ml,circomlib-ml\circuits\SumPooling2D.circom,library,True,False,1,0,0,0,1,0.2924323081970215,True,
circomlib-ml,circomlib-ml\circuits\util.circom,library,True,True,1,0,0,0,1,0.289182186126709,True,
circomlib-ml,circomlib-ml\test\circuits\AveragePooling2D_stride_test.circom,main,False,False,0,0,0,0,0,0.2915196418762207,True,
circomlib-ml,circomlib-ml\test\circuits\AveragePooling2D_test.circom,main,False,False,0,0,0,0,0,0.3047795295715332,True,
circomlib-ml,circomlib-ml\test\circuits\BatchNormalization_test.circom,main,False,False,0,0,0,0,0,0.26207542419433594,True,
circomlib-ml,circomlib-ml\test\circuits\Conv1D_test.circom,main,False,False,0,0,0,0,0,0.29688024520874023,True,
circomlib-ml,circomlib-ml\test\circuits\Conv2D_stride_test.circom,main,False,False,0,0,0,0,0,0.30460238456726074,True,
circomlib-ml,circomlib-ml\test\circuits\Conv2D_test.circom,main,False,False,0,0,0,0,0,0.30679988861083984,True,
circomlib-ml,circomlib-ml\test\circuits\decryptMultiple_test.circom,main,False,False,0,0,0,0,0,0.2770247459411621,True,
circomlib-ml,circomlib-ml\test\circuits\decrypt_test.circom,main,False,False,0,0,0,0,0,0.27336549758911133,True,
circomlib-ml,circomlib-ml\test\circuits\Dense_test.circom,main,False,False,0,0,0,0,0,0.27646398544311523,True,
circomlib-ml,circomlib-ml\test\circuits\ecdh_test.circom,main,False,False,0,0,0,0,0,0.3507080078125,True,
circomlib-ml,circomlib-ml\test\circuits\encryptDecrypt_test.circom,main,True,True,2,0,0,0,2,0.3710358142852783,True,
circomlib-ml,circomlib-ml\test\circuits\encrypted_mnist_latest_test.circom,main,True,True,5,0,0,0,5,0.4686415195465088,True,
circomlib-ml,circomlib-ml\test\circuits\encryptMultiple_test.circom,main,False,False,0,0,0,0,0,0.279299259185791,True,
circomlib-ml,circomlib-ml\test\circuits\encrypt_test.circom,main,False,False,0,0,0,0,0,0.2747330665588379,True,
circomlib-ml,circomlib-ml\test\circuits\Flatten2D_test.circom,main,False,False,0,0,0,0,0,0.26190853118896484,True,
circomlib-ml,circomlib-ml\test\circuits\GlobalAveragePooling2D_test.circom,main,False,False,0,0,0,0,0,0.29042553901672363,True,
circomlib-ml,circomlib-ml\test\circuits\GlobalMaxPooling2D_test.circom,main,False,False,0,0,0,0,0,0.2816765308380127,True,
circomlib-ml,circomlib-ml\test\circuits\IsNegative_test.circom,main,False,False,0,0,0,0,0,0.28111910820007324,True,
circomlib-ml,circomlib-ml\test\circuits\IsPositive_test.circom,main,False,False,0,0,0,0,0,0.2836935520172119,True,
circomlib-ml,circomlib-ml\test\circuits\MaxPooling2D_stride_test.circom,main,False,False,0,0,0,0,0,0.2867300510406494,True,
circomlib-ml,circomlib-ml\test\circuits\MaxPooling2D_test.circom,main,False,False,0,0,0,0,0,0.295210599899292,True,
circomlib-ml,circomlib-ml\test\circuits\Max_test.circom,main,False,False,0,0,0,0,0,0.2817990779876709,True,
circomlib-ml,circomlib-ml\test\circuits\mnist_convnet_test.circom,main,True,True,3,0,0,0,3,0.34559035301208496,True,
circomlib-ml,circomlib-ml\test\circuits\mnist_latest_precision_test.circom,main,True,True,3,0,0,0,3,0.3669912815093994,True,
circomlib-ml,circomlib-ml\test\circuits\mnist_latest_test.circom,main,True,True,3,0,0,0,3,0.3587048053741455,True,
circomlib-ml,circomlib-ml\test\circuits\mnist_test.circom,main,True,True,3,0,0,0,3,0.3225679397583008,True,
circomlib-ml,circomlib-ml\test\circuits\model1_test.circom,main,True,True,1,0,0,0,1,0.3009014129638672,True,
circomlib-ml,circomlib-ml\test\circuits\publicKey_test.circom,main,False,False,0,0,0,0,0,0.3284132480621338,True,
circomlib-ml,circomlib-ml\test\circuits\ReLU_test.circom,main,True,True,2,0,0,0,2,0.2850618362426758,True,
circomlib-ml,circomlib-ml\test\circuits\SumPooling2D_stride_test.circom,main,False,False,0,0,0,0,0,0.2941606044769287,True,
circomlib-ml,circomlib-ml\test\circuits\SumPooling2D_test.circom,main,False,False,0,0,0,0,0,0.2883870601654053,True,
circomlib-ml,circomlib-ml\circuits\circomlib\aliascheck.circom,library,False,False,0,0,0,0,0,0.2784299850463867,True,
circomlib-ml,circomlib-ml\circuits\circomlib\babyjub.circom,library,True,True,7,0,0,0,7,0.3511650562286377,True,
circomlib-ml,circomlib-ml\circuits\circomlib\binsum.circom,library,False,False,0,0,0,0,0,0.26097702980041504,True,
circomlib-ml,circomlib-ml\circuits\circomlib\bitify.circom,library,True,True,1,0,0,0,1,0.2813260555267334,True,
circomlib-ml,circomlib-ml\circuits\circomlib\comparators.circom,library,True,True,1,0,0,0,1,0.28508591651916504,True,
circomlib-ml,circomlib-ml\circuits\circomlib\compconstant.circom,library,True,False,1,0,0,0,1,0.2940657138824463,True,
circomlib-ml,circomlib-ml\circuits\circomlib\escalarmulany.circom,library,True,True,2,1,0,0,1,0.3742713928222656,True,
circomlib-ml,circomlib-ml\circuits\circomlib\escalarmulfix.circom,library,True,True,4,0,0,0,4,0.35189080238342285,True,
circomlib-ml,circomlib-ml\circuits\circomlib\mimc.circom,library,True,True,1,0,0,0,1,0.2672855854034424,True,
circomlib-ml,circomlib-ml\circuits\circomlib\montgomery.circom,library,True,False,1,0,0,0,1,0.2697610855102539,True,
circomlib-ml,circomlib-ml\circuits\circomlib\mux3.circom,library,True,False,1,0,0,0,1,0.2933824062347412,True,
circomlib-ml,circomlib-ml\circuits\circomlib\sign.circom,library,True,False,1,0,0,0,1,0.28761982917785645,True,
circomlib-ml,circomlib-ml\circuits\circomlib\switcher.circom,library,True,True,3,0,0,0,3,0.26179051399230957,True,
circomlib-ml,circomlib-ml\circuits\circomlib-matrix\matElemMul.circom,library,True,False,1,0,0,0,1,0.26631712913513184,True,
circomlib-ml,circomlib-ml\circuits\circomlib-matrix\matElemSum.circom,library,True,False,1,0,0,0,1,0.26360297203063965,True,
circomlib-ml,circomlib-ml\circuits\circomlib-matrix\matMul.circom,library,True,False,1,0,0,0,1,0.2686493396759033,True,
circomlib-ml,circomlib-ml\circuits\crypto\ecdh.circom,library,True,True,2,1,0,0,1,0.38030433654785156,True,
circomlib-ml,circomlib-ml\circuits\crypto\encrypt.circom,library,True,True,1,0,0,0,1,0.2755284309387207,True,
circomlib-ml,circomlib-ml\circuits\crypto\publickey_derivation.circom,library,True,True,1,0,0,0,1,0.34465813636779785,True,
darkforest-eth-9033eaf,darkforest-eth-9033eaf\biomebase.circom,library,True,True,3,0,0,0,3,0.37044525146484375,True,
darkforest-eth-9033eaf,darkforest-eth-9033eaf\CalculateTotal.circom,library,True,False,1,0,0,0,1,0.2662472724914551,True,
darkforest-eth-9033eaf,darkforest-eth-9033eaf\init.circom,library,True,True,4,0,0,0,4,0.3608429431915283,True,
darkforest-eth-9033eaf,darkforest-eth-9033eaf\move.circom,library,True,True,7,0,0,0,7,0.380718469619751,True,
darkforest-eth-9033eaf,darkforest-eth-9033eaf\perlin.circom,library,True,True,6,0,0,0,6,0.3638577461242676,True,
darkforest-eth-9033eaf,darkforest-eth-9033eaf\QuinSelector.circom,library,True,False,1,0,0,0,1,0.2844972610473633,True,
darkforest-eth-9033eaf,darkforest-eth-9033eaf\range_proof.circom,library,True,True,3,0,0,0,3,0.28069591522216797,True,
darkforest-eth-9033eaf,darkforest-eth-9033eaf\reveal.circom,library,True,True,4,0,0,0,4,0.3611881732940674,True,
darkforest-eth-9033eaf,darkforest-eth-9033eaf\whitelist.circom,library,True,False,1,0,0,0,1,0.27379631996154785,True,
ed25519-099d19c-fixed,ed25519-099d19c-fixed\batchverify.circom,library,False,False,0,0,0,0,0,1.2298600673675537,False,"
thread 'main' has overflowed its stack
error: process didn't exit successfully: `target\release\circomspect.exe D:\dev\circomspect\benchmarks\projects\ed25519-099d19c-fixed\batchverify.circom --mode all --leak-threshold 8 --min-leak-severity Low` (exit code: 0xc00000fd, STATUS_STACK_OVERFLOW)"
ed25519-099d19c-fixed,ed25519-099d19c-fixed\binadd.circom,library,True,True,4,0,0,0,4,0.2859501838684082,True,
ed25519-099d19c-fixed,ed25519-099d19c-fixed\binmul.circom,library,True,False,1,0,0,0,1,0.285078763961792,True,
ed25519-099d19c-fixed,ed25519-099d19c-fixed\binsub.circom,library,True,False,1,0,0,0,1,0.27759766578674316,True,
ed25519-099d19c-fixed,ed25519-099d19c-fixed\chunkedadd.circom,library,True,False,1,0,0,0,1,0.29487133026123047,True,
ed25519-099d19c-fixed,ed25519-099d19c-fixed\chunkedmul.circom,library,True,False,1,0,0,0,1,0.33396267890930176,True,
ed25519-099d19c-fixed,ed25519-099d19c-fixed\chunkedsub.circom,library,True,True,3,0,0,0,3,0.2838902473449707,True,
ed25519-099d19c-fixed,ed25519-099d19c-fixed\chunkify.circom,library,True,False,1,0,0,0,1,0.27800583839416504,True,
ed25519-099d19c-fixed,ed25519-099d19c-fixed\inversemodulo.circom,library,False,False,0,0,0,0,0,0.9303629398345947,False,"
thread 'main' has overflowed its stack
error: process didn't exit successfully: `target\release\circomspect.exe D:\dev\circomspect\benchmarks\projects\ed25519-099d19c-fixed\inversemodulo.circom --mode all --leak-threshold 8 --min-leak-severity Low` (exit code: 0xc00000fd, STATUS_STACK_OVERFLOW)"
ed25519-099d19c-fixed,ed25519-099d19c-fixed\lt.circom,library,False,True,1,0,1,0,0,0.2829930782318115,True,
ed25519-099d19c-fixed,ed25519-099d19c-fixed\modinv.circom,library,False,False,0,0,0,0,0,0.914862871170044,False,"
thread 'main' has overflowed its stack
error: process didn't exit successfully: `target\release\circomspect.exe D:\dev\circomspect\benchmarks\projects\ed25519-099d19c-fixed\modinv.circom --mode all --leak-threshold 8 --min-leak-severity Low` (exit code: 0xc00000fd, STATUS_STACK_OVERFLOW)"
ed25519-099d19c-fixed,ed25519-099d19c-fixed\modulus.circom,library,False,False,0,0,0,0,0,0.8650104999542236,False,"
thread 'main' has overflowed its stack
error: process didn't exit successfully: `target\release\circomspect.exe D:\dev\circomspect\benchmarks\projects\ed25519-099d19c-fixed\modulus.circom --mode all --leak-threshold 8 --min-leak-severity Low` (exit code: 0xc00000fd, STATUS_STACK_OVERFLOW)"
ed25519-099d19c-fixed,ed25519-099d19c-fixed\point-addition.circom,library,False,False,0,0,0,0,0,0.9424149990081787,False,"
thread 'main' has overflowed its stack
error: process didn't exit successfully: `target\release\circomspect.exe D:\dev\circomspect\benchmarks\projects\ed25519-099d19c-fixed\point-addition.circom --mode all --leak-threshold 8 --min-leak-severity Low` (exit code: 0xc00000fd, STATUS_STACK_OVERFLOW)"
ed25519-099d19c-fixed,ed25519-099d19c-fixed\pointcompress.circom,library,False,False,0,0,0,0,0,0.9793345928192139,False,"
thread 'main' has overflowed its stack
error: process didn't exit successfully: `target\release\circomspect.exe D:\dev\circomspect\benchmarks\projects\ed25519-099d19c-fixed\pointcompress.circom --mode all --leak-threshold 8 --min-leak-severity Low` (exit code: 0xc00000fd, STATUS_STACK_OVERFLOW)"
ed25519-099d19c-fixed,ed25519-099d19c-fixed\scalarmul.circom,library,False,False,0,0,0,0,0,0.9885616302490234,False,"
thread 'main' has overflowed its stack
error: process didn't exit successfully: `target\release\circomspect.exe D:\dev\circomspect\benchmarks\projects\ed25519-099d19c-fixed\scalarmul.circom --mode all --leak-threshold 8 --min-leak-severity Low` (exit code: 0xc00000fd, STATUS_STACK_OVERFLOW)"
ed25519-099d19c-fixed,ed25519-099d19c-fixed\utils.circom,library,False,False,0,0,0,0,0,0.2972738742828369,True,
ed25519-099d19c-fixed,ed25519-099d19c-fixed\verify.circom,library,False,False,0,0,0,0,0,1.1081199645996094,False,"
thread 'main' has overflowed its stack
error: process didn't exit successfully: `target\release\circomspect.exe D:\dev\circomspect\benchmarks\projects\ed25519-099d19c-fixed\verify.circom --mode all --leak-threshold 8 --min-leak-severity Low` (exit code: 0xc00000fd, STATUS_STACK_OVERFLOW)"
ed25519-099d19c-fixed,ed25519-099d19c-fixed\sha512-0562652\ch.circom,library,True,False,1,0,0,0,1,0.2657022476196289,True,
ed25519-099d19c-fixed,ed25519-099d19c-fixed\sha512-0562652\constants.circom,library,False,False,0,0,0,0,0,0.26445984840393066,True,
ed25519-099d19c-fixed,ed25519-099d19c-fixed\sha512-0562652\maj.circom,library,True,False,1,0,0,0,1,0.27231526374816895,True,
ed25519-099d19c-fixed,ed25519-099d19c-fixed\sha512-0562652\rotate.circom,library,True,False,1,0,0,0,1,0.2625598907470703,True,
ed25519-099d19c-fixed,ed25519-099d19c-fixed\sha512-0562652\sha512.circom,library,True,False,1,0,0,0,1,0.3756706714630127,True,
ed25519-099d19c-fixed,ed25519-099d19c-fixed\sha512-0562652\sha512compression.circom,library,True,False,1,0,0,0,1,0.3610386848449707,True,
ed25519-099d19c-fixed,ed25519-099d19c-fixed\sha512-0562652\shift.circom,library,True,False,1,0,0,0,1,0.26082301139831543,True,
ed25519-099d19c-fixed,ed25519-099d19c-fixed\sha512-0562652\sigma.circom,library,True,False,1,0,0,0,1,0.2768571376800537,True,
ed25519-099d19c-fixed,ed25519-099d19c-fixed\sha512-0562652\sigmaplus.circom,library,True,False,1,0,0,0,1,0.2807748317718506,True,
ed25519-099d19c-fixed,ed25519-099d19c-fixed\sha512-0562652\t1.circom,library,True,False,1,0,0,0,1,0.28490519523620605,True,
ed25519-099d19c-fixed,ed25519-099d19c-fixed\sha512-0562652\t2.circom,library,True,False,1,0,0,0,1,0.27953171730041504,True,
ed25519-099d19c-fixed,ed25519-099d19c-fixed\sha512-0562652\xor3.circom,library,True,False,1,0,0,0,1,0.262556791305542,True,
hermez-network-9a696e3-fixed,hermez-network-9a696e3-fixed\src\balance-updater.circom,library,True,True,9,0,0,0,9,0.37993574142456055,True,
hermez-network-9a696e3-fixed,hermez-network-9a696e3-fixed\src\compute-fee.circom,library,True,True,1,0,0,0,1,0.36275529861450195,True,
hermez-network-9a696e3-fixed,hermez-network-9a696e3-fixed\src\decode-tx.circom,library,True,True,10,0,0,0,10,0.4362778663635254,True,
hermez-network-9a696e3-fixed,hermez-network-9a696e3-fixed\src\fee-accumulator.circom,library,True,True,3,1,0,0,2,0.35843658447265625,True,
hermez-network-9a696e3-fixed,hermez-network-9a696e3-fixed\src\fee-tx.circom,library,True,True,7,1,0,0,6,0.4846322536468506,True,
hermez-network-9a696e3-fixed,hermez-network-9a696e3-fixed\src\hash-inputs.circom,library,True,True,7,0,0,0,7,0.5218648910522461,True,
hermez-network-9a696e3-fixed,hermez-network-9a696e3-fixed\src\rollup-main.circom,library,False,False,0,0,0,0,0,0.2715740203857422,True,
hermez-network-9a696e3-fixed,hermez-network-9a696e3-fixed\src\rollup-tx-states.circom,library,True,True,10,7,0,0,3,0.3914523124694824,True,
hermez-network-9a696e3-fixed,hermez-network-9a696e3-fixed\src\rollup-tx.circom,library,True,True,23,6,3,0,14,0.7091696262359619,True,
hermez-network-9a696e3-fixed,hermez-network-9a696e3-fixed\src\rq-tx-verifier.circom,library,True,True,1,0,0,0,1,0.31466031074523926,True,
hermez-network-9a696e3-fixed,hermez-network-9a696e3-fixed\src\withdraw.circom,library,False,False,0,0,0,0,0,0.2709391117095947,True,
hermez-network-9a696e3-fixed,hermez-network-9a696e3-fixed\src\lib\decode-float.circom,library,True,True,1,0,0,0,1,0.299283504486084,True,
hermez-network-9a696e3-fixed,hermez-network-9a696e3-fixed\src\lib\hash-state.circom,library,False,False,0,0,0,0,0,0.34783196449279785,True,
hermez-network-9a696e3-fixed,hermez-network-9a696e3-fixed\src\lib\mux256.circom,library,True,False,1,0,0,0,1,0.3583989143371582,True,
hermez-network-9a696e3-fixed,hermez-network-9a696e3-fixed\src\lib\utils-bjj.circom,library,True,True,1,0,0,0,1,0.29069042205810547,True,
hydra-2010a65,hydra-2010a65\hydra-s1.circom,library,True,True,4,0,0,0,4,2.71321177482605,True,
hydra-2010a65,hydra-2010a65\common\verify-hydra-commitment.circom,library,True,True,1,0,0,0,1,2.7457637786865234,True,
hydra-2010a65,hydra-2010a65\common\verify-merkle-path.circom,library,True,True,1,0,0,0,1,2.5804269313812256,True,
iden3-core-56a08f9,iden3-core-56a08f9\authentication.circom,library,True,True,2,0,0,0,2,2.8197858333587646,True,
iden3-core-56a08f9,iden3-core-56a08f9\authenticationWithRelay.circom,library,True,True,3,0,0,0,3,2.8889808654785156,True,
iden3-core-56a08f9,iden3-core-56a08f9\idOwnershipBySignature.circom,library,True,True,2,0,0,0,2,2.748176097869873,True,
iden3-core-56a08f9,iden3-core-56a08f9\idOwnershipBySignatureWithRelay.circom,library,True,True,3,0,0,0,3,2.884359359741211,True,
iden3-core-56a08f9,iden3-core-56a08f9\stateTransition.circom,library,True,True,5,0,1,0,4,2.7782399654388428,True,
iden3-core-56a08f9,iden3-core-56a08f9\query\comparators.circom,library,False,False,0,0,0,0,0,0.2797226905822754,True,
iden3-core-56a08f9,iden3-core-56a08f9\query\credentialAtomicQueryMTP.circom,library,True,True,6,0,0,0,6,2.920875310897827,True,
iden3-core-56a08f9,iden3-core-56a08f9\query\credentialAtomicQueryMTPWithRelay.circom,library,True,True,7,0,0,0,7,2.7968618869781494,True,
iden3-core-56a08f9,iden3-core-56a08f9\query\credentialAtomicQuerySig.circom,library,True,True,8,0,0,0,8,2.83256459236145,True,
iden3-core-56a08f9,iden3-core-56a08f9\query\query.circom,library,True,True,2,0,0,0,2,0.310715913772583,True,
iden3-core-56a08f9,iden3-core-56a08f9\utils\claimUtils.circom,library,True,True,4,0,0,0,4,2.9297056198120117,True,
iden3-core-56a08f9,iden3-core-56a08f9\utils\treeUtils.circom,library,True,True,1,0,0,0,1,2.74648118019104,True,
keccak256-circom-af3e898,keccak256-circom-af3e898\keccak.circom,library,True,False,1,0,0,0,1,0.6096224784851074,True,
keccak256-circom-af3e898,keccak256-circom-af3e898\permutations.circom,library,True,False,1,0,0,0,1,0.5632824897766113,True,
keccak256-circom-af3e898,keccak256-circom-af3e898\utils.circom,library,True,False,1,0,0,0,1,0.28168392181396484,True,
maci-9b1b1a6-fixed,maci-9b1b1a6-fixed\batchUpdateStateTree.circom,library,True,True,1,0,0,0,1,2.8534910678863525,True,
maci-9b1b1a6-fixed,maci-9b1b1a6-fixed\decrypt.circom,library,True,False,1,0,0,0,1,0.37850522994995117,True,
maci-9b1b1a6-fixed,maci-9b1b1a6-fixed\ecdh.circom,library,True,True,2,1,0,0,1,0.37332987785339355,True,
maci-9b1b1a6-fixed,maci-9b1b1a6-fixed\hasherPoseidon.circom,library,False,False,0,0,0,0,0,2.629131555557251,True,
maci-9b1b1a6-fixed,maci-9b1b1a6-fixed\publickey_derivation.circom,library,True,True,1,0,0,0,1,0.3495216369628906,True,
maci-9b1b1a6-fixed,maci-9b1b1a6-fixed\quadVoteTally.circom,library,True,True,3,1,0,0,2,2.658108711242676,True,
maci-9b1b1a6-fixed,maci-9b1b1a6-fixed\updateStateTree.circom,library,True,True,15,9,0,0,6,2.842085123062134,True,
maci-9b1b1a6-fixed,maci-9b1b1a6-fixed\verify_signature.circom,library,True,True,1,0,0,0,1,2.7754740715026855,True,
maci-9b1b1a6-fixed,maci-9b1b1a6-fixed\poseidon\poseidonHashT3.circom,library,False,False,0,0,0,0,0,2.5300862789154053,True,
maci-9b1b1a6-fixed,maci-9b1b1a6-fixed\poseidon\poseidonHashT6.circom,library,False,False,0,0,0,0,0,2.5241079330444336,True,
maci-9b1b1a6-fixed,maci-9b1b1a6-fixed\trees\calculateTotal.circom,library,True,False,1,0,0,0,1,0.2637603282928467,True,
maci-9b1b1a6-fixed,maci-9b1b1a6-fixed\trees\checkRoot.circom,library,True,False,1,0,0,0,1,2.6422317028045654,True,
maci-9b1b1a6-fixed,maci-9b1b1a6-fixed\trees\incrementalMerkleTree.circom,library,True,False,1,0,0,0,1,2.5697991847991943,True,
maci-9b1b1a6-fixed,maci-9b1b1a6-fixed\trees\incrementalQuinTree.circom,library,True,True,1,0,0,0,1,2.701428174972534,True,
telepathy,telepathy\sdk\src\circuits\poseidon_sync_committee.circom,library,True,False,1,0,0,0,1,2.6330742835998535,True,
telepathy,telepathy\circuits\circuits\bls.circom,library,True,True,4,0,2,0,2,9.609637260437012,True,
telepathy,telepathy\circuits\circuits\constants.circom,library,False,False,0,0,0,0,0,0.25922274589538574,True,
telepathy,telepathy\circuits\circuits\hash_to_field.circom,library,True,False,1,0,0,0,1,0.48063063621520996,True,
telepathy,telepathy\circuits\circuits\inputs.circom,library,True,True,2,0,0,0,2,0.42714667320251465,True,
telepathy,telepathy\circuits\circuits\poseidon.circom,library,True,False,1,0,0,0,1,2.6354141235351562,True,
telepathy,telepathy\circuits\circuits\rotate.circom,library,False,False,0,0,0,0,0,12.072575807571411,True,
telepathy,telepathy\circuits\circuits\sha256.circom,library,True,False,1,0,0,0,1,0.4277949333190918,True,
telepathy,telepathy\circuits\circuits\ssz.circom,library,True,False,1,0,0,0,1,0.43601083755493164,True,
telepathy,telepathy\circuits\circuits\step.circom,library,True,True,3,0,0,0,3,12.290438890457153,True,
telepathy,telepathy\circuits\circuits\sync_committee.circom,library,True,False,1,0,0,0,1,9.791449785232544,True,
telepathy,telepathy\circuits\test\circuits\test_aggregate_bls_add_4.circom,library,False,False,0,0,0,0,0,0.26111292839050293,True,
telepathy,telepathy\circuits\test\circuits\test_aggregate_bls_add_512.circom,library,False,False,0,0,0,0,0,0.25815320014953613,True,
telepathy,telepathy\circuits\test\circuits\test_aggregate_bls_verify_512.circom,library,False,False,0,0,0,0,0,0.26131296157836914,True,
telepathy,telepathy\circuits\test\circuits\test_assert_valid_signed_header.circom,library,False,False,0,0,0,0,0,0.2654697895050049,True,
telepathy,telepathy\circuits\test\circuits\test_expand_message_xmd.circom,library,False,False,0,0,0,0,0,0.25916528701782227,True,
telepathy,telepathy\circuits\test\circuits\test_hash_to_field.circom,library,False,False,0,0,0,0,0,0.26659250259399414,True,
telepathy,telepathy\circuits\test\circuits\test_i2osp_1.circom,library,False,False,0,0,0,0,0,0.25705432891845703,True,
telepathy,telepathy\circuits\test\circuits\test_i2osp_2.circom,library,False,False,0,0,0,0,0,0.2595231533050537,True,
telepathy,telepathy\circuits\test\circuits\test_poseidon_committment.circom,library,False,False,0,0,0,0,0,0.25653529167175293,True,
telepathy,telepathy\circuits\test\circuits\test_pubkey_bytes_to_big_int.circom,library,False,False,0,0,0,0,0,0.2601492404937744,True,
telepathy,telepathy\circuits\test\circuits\test_reborn.circom,main,False,False,0,0,0,0,0,0.25467920303344727,True,
telepathy,telepathy\circuits\test\circuits\test_sha_bytes_constraint_cost.circom,library,True,False,1,0,0,0,1,0.41004276275634766,True,
telepathy,telepathy\circuits\test\circuits\test_ssz_array_4.circom,library,False,False,0,0,0,0,0,0.26528167724609375,True,
telepathy,telepathy\circuits\test\circuits\test_sync_committee_committments.circom,main,False,False,0,0,0,0,0,0.25338149070739746,True,
telepathy,telepathy\circuits\test\circuits\test_template_assert_valid_signed_header.circom,library,True,False,1,0,0,0,1,0.26051998138427734,True,
telepathy,telepathy\circuits\circuits\pairing\bigint.circom,library,True,True,6,0,0,0,6,0.5081417560577393,True,
telepathy,telepathy\circuits\circuits\pairing\bigint_func.circom,library,False,False,0,0,0,0,0,0.3310058116912842,True,
telepathy,telepathy\circuits\circuits\pairing\bls12_381_func.circom,library,False,False,0,0,0,0,0,7.015312433242798,True,
telepathy,telepathy\circuits\circuits\pairing\bls12_381_hash_to_G2.circom,library,True,True,4,0,0,0,4,8.12676477432251,True,
telepathy,telepathy\circuits\circuits\pairing\bls_signature.circom,library,True,True,1,0,0,0,1,9.431289196014404,True,
telepathy,telepathy\circuits\circuits\pairing\curve.circom,library,True,True,6,0,3,0,3,0.7793552875518799,True,
telepathy,telepathy\circuits\circuits\pairing\curve_fp2.circom,library,True,True,6,0,3,0,3,11.953590393066406,True,
telepathy,telepathy\circuits\circuits\pairing\extra_curve.circom,library,True,True,3,0,0,0,3,7.955364227294922,True,
telepathy,telepathy\circuits\circuits\pairing\extra_field_circuits.circom,library,True,True,4,0,0,0,4,8.058736801147461,True,
telepathy,telepathy\circuits\circuits\pairing\field_elements_func.circom,library,False,False,0,0,0,0,0,0.30925774574279785,True,
telepathy,telepathy\circuits\circuits\pairing\final_exp.circom,library,True,False,1,0,0,0,1,7.943743705749512,True,
telepathy,telepathy\circuits\circuits\pairing\fp.circom,library,True,True,3,0,0,0,3,0.5670554637908936,True,
telepathy,telepathy\circuits\circuits\pairing\fp12.circom,library,True,False,1,0,0,0,1,7.544350624084473,True,
telepathy,telepathy\circuits\circuits\pairing\fp12_func.circom,library,False,False,0,0,0,0,0,0.31476330757141113,True,
telepathy,telepathy\circuits\circuits\pairing\fp2.circom,library,True,True,3,0,0,0,3,0.6586833000183105,True,
telepathy,telepathy\circuits\circuits\pairing\pairing.circom,library,True,False,1,0,0,0,1,8.857796907424927,True,
telepathy,telepathy\circuits\circuits\sha256\ch.circom,library,True,False,1,0,0,0,1,0.2598693370819092,True,
telepathy,telepathy\circuits\circuits\sha256\constants.circom,library,False,False,0,0,0,0,0,0.26117515563964844,True,
telepathy,telepathy\circuits\circuits\sha256\main.circom,main,True,True,1,0,0,0,1,0.36113619804382324,True,
telepathy,telepathy\circuits\circuits\sha256\maj.circom,library,True,False,1,0,0,0,1,0.26044201850891113,True,
telepathy,telepathy\circuits\circuits\sha256\rotate.circom,library,True,False,1,0,0,0,1,0.2551908493041992,True,
telepathy,telepathy\circuits\circuits\sha256\sha256.circom,library,True,False,1,0,0,0,1,0.3976130485534668,True,
telepathy,telepathy\circuits\circuits\sha256\sha256compression.circom,library,False,False,0,0,0,0,0,0.3963150978088379,True,
telepathy,telepathy\circuits\circuits\sha256\sha256compression_function.circom,library,False,False,0,0,0,0,0,0.26729702949523926,True,
telepathy,telepathy\circuits\circuits\sha256\sha256_2.circom,library,True,False,1,0,0,0,1,0.3814201354980469,True,
telepathy,telepathy\circuits\circuits\sha256\shift.circom,library,True,False,1,0,0,0,1,0.2586050033569336,True,
telepathy,telepathy\circuits\circuits\sha256\sigma.circom,library,True,False,1,0,0,0,1,0.2850925922393799,True,
telepathy,telepathy\circuits\circuits\sha256\sigmaplus.circom,library,False,False,0,0,0,0,0,0.2963709831237793,True,
telepathy,telepathy\circuits\circuits\sha256\t1.circom,library,False,False,0,0,0,0,0,0.2970592975616455,True,
telepathy,telepathy\circuits\circuits\sha256\t2.circom,library,False,False,0,0,0,0,0,0.2990999221801758,True,
telepathy,telepathy\circuits\circuits\sha256\xor3.circom,library,True,False,1,0,0,0,1,0.26226353645324707,True,
