project_name,file_path,mode,has_privacy_leak,has_quantified_partial_leak,leak_count,severity_low,severity_medium,severity_high,severity_critical,analysis_time,success,error_message
aes-circom-0784f74,aes-circom-0784f74\circuits\aes_256_ctr.circom,library,True,False,1,0,0,0,0,0.3874094486236572,True,
aes-circom-0784f74,aes-circom-0784f74\circuits\aes_256_encrypt.circom,library,True,False,1,0,0,0,0,0.6000266075134277,True,
aes-circom-0784f74,aes-circom-0784f74\circuits\aes_256_key_expansion.circom,library,True,False,1,0,0,0,0,0.3726997375488281,True,
aes-circom-0784f74,aes-circom-0784f74\circuits\aes_emulation.circom,library,True,False,2,0,0,0,0,0.26439905166625977,True,
aes-circom-0784f74,aes-circom-0784f74\circuits\aes_emulation_tables.circom,library,False,False,0,0,0,0,0,0.2592151165008545,True,
aes-circom-0784f74,aes-circom-0784f74\circuits\gcm_siv_dec_2_keys.circom,library,True,False,2,0,0,0,0,0.5314300060272217,True,
aes-circom-0784f74,aes-circom-0784f74\circuits\gcm_siv_enc_2_keys.circom,library,True,False,1,0,0,0,0,0.6593735218048096,True,
aes-circom-0784f74,aes-circom-0784f74\circuits\gfmul_int.circom,library,True,False,1,0,0,0,0,0.3690676689147949,True,
aes-circom-0784f74,aes-circom-0784f74\circuits\helper_functions.circom,library,True,True,12,0,0,0,2,0.2981228828430176,True,
aes-circom-0784f74,aes-circom-0784f74\circuits\mul.circom,library,True,False,1,0,0,0,0,0.3250555992126465,True,
aes-circom-0784f74,aes-circom-0784f74\circuits\polyval.circom,library,True,False,1,0,0,0,0,0.3698124885559082,True,
aes-circom-0784f74,aes-circom-0784f74\circuits\vclmul_emulator.circom,library,True,False,1,0,0,0,0,0.3253653049468994,True,
aes-circom-0784f74,aes-circom-0784f74\test\circuits\aes_256_ctr_test.circom,main,False,False,0,0,0,0,0,0.35717177391052246,True,
aes-circom-0784f74,aes-circom-0784f74\test\circuits\aes_256_encrypt_test.circom,main,False,False,0,0,0,0,0,0.3453404903411865,True,
aes-circom-0784f74,aes-circom-0784f74\test\circuits\aes_256_key_expansion_test.circom,main,False,False,0,0,0,0,0,0.3375215530395508,True,
aes-circom-0784f74,aes-circom-0784f74\test\circuits\gcm_siv_dec_2_keys_test.circom,main,False,False,0,0,0,0,0,0.4976997375488281,True,
aes-circom-0784f74,aes-circom-0784f74\test\circuits\gcm_siv_enc_2_keys_test.circom,main,False,False,0,0,0,0,0,0.5808906555175781,True,
aes-circom-0784f74,aes-circom-0784f74\test\circuits\gfmul_int_test.circom,main,False,False,0,0,0,0,0,0.34001755714416504,True,
aes-circom-0784f74,aes-circom-0784f74\test\circuits\mul_test.circom,main,False,False,0,0,0,0,0,0.2989063262939453,True,
aes-circom-0784f74,aes-circom-0784f74\test\circuits\polyval_test.circom,main,False,False,0,0,0,0,0,0.34800219535827637,True,
circom-ecdsa,circom-ecdsa\circuits\bigint.circom,library,True,True,30,1,0,0,17,0.39124417304992676,True,
circom-ecdsa,circom-ecdsa\circuits\bigint_4x64_mult.circom,library,True,False,4,0,0,0,0,0.4158480167388916,True,
circom-ecdsa,circom-ecdsa\circuits\bigint_func.circom,library,False,False,0,0,0,0,0,0.2874763011932373,True,
circom-ecdsa,circom-ecdsa\circuits\ecdsa.circom,library,True,True,2,1,0,0,0,26.07816791534424,True,
circom-ecdsa,circom-ecdsa\circuits\ecdsa_func.circom,library,False,False,0,0,0,0,0,25.653691291809082,True,
circom-ecdsa,circom-ecdsa\circuits\eth_addr.circom,library,True,False,1,0,0,0,0,26.544275760650635,True,
circom-ecdsa,circom-ecdsa\circuits\secp256k1.circom,library,True,False,3,0,0,0,0,0.5917167663574219,True,
circom-ecdsa,circom-ecdsa\circuits\secp256k1_func.circom,library,False,False,0,0,0,0,0,0.2638881206512451,True,
circom-ecdsa,circom-ecdsa\circuits\secp256k1_utils.circom,library,True,False,2,0,0,0,0,0.3085768222808838,True,
circom-ecdsa,circom-ecdsa\test\circuits\test_bigadd_15.circom,library,False,False,0,0,0,0,0,0.39296483993530273,True,
circom-ecdsa,circom-ecdsa\test\circuits\test_bigadd_23.circom,library,False,False,0,0,0,0,0,0.39426541328430176,True,
circom-ecdsa,circom-ecdsa\test\circuits\test_biglessthan_23.circom,library,False,False,0,0,0,0,0,0.38973474502563477,True,
circom-ecdsa,circom-ecdsa\test\circuits\test_bigmod_22.circom,library,False,False,0,0,0,0,0,0.38939595222473145,True,
circom-ecdsa,circom-ecdsa\test\circuits\test_bigmod_32.circom,library,False,False,0,0,0,0,0,0.38436031341552734,True,
circom-ecdsa,circom-ecdsa\test\circuits\test_bigmult_21.circom,library,False,False,0,0,0,0,0,0.398240327835083,True,
circom-ecdsa,circom-ecdsa\test\circuits\test_bigmult_22.circom,library,False,False,0,0,0,0,0,0.3991227149963379,True,
circom-ecdsa,circom-ecdsa\test\circuits\test_bigmult_23.circom,library,False,False,0,0,0,0,0,0.4033493995666504,True,
circom-ecdsa,circom-ecdsa\test\circuits\test_bigsubmodp_32.circom,library,False,False,0,0,0,0,0,0.39057040214538574,True,
circom-ecdsa,circom-ecdsa\test\circuits\test_bigsub_15.circom,library,False,False,0,0,0,0,0,0.39613938331604004,True,
circom-ecdsa,circom-ecdsa\test\circuits\test_bigsub_23.circom,library,False,False,0,0,0,0,0,0.3980886936187744,True,
circom-ecdsa,circom-ecdsa\test\circuits\test_ecdsa.circom,library,False,False,0,0,0,0,0,26.122925996780396,True,
circom-ecdsa,circom-ecdsa\test\circuits\test_ecdsa_verify.circom,library,False,False,0,0,0,0,0,26.494115591049194,True,
circom-ecdsa,circom-ecdsa\test\circuits\test_secp256k1_add.circom,library,False,False,0,0,0,0,0,0.609835147857666,True,
circom-ecdsa,circom-ecdsa\test\circuits\test_secp256k1_double.circom,library,False,False,0,0,0,0,0,0.6025121212005615,True,
circom-ecdsa,circom-ecdsa\test\circuits\test_secp256k1_poc.circom,library,False,False,0,0,0,0,0,0.5906805992126465,True,
circom-ecdsa,circom-ecdsa\test\circuits\test_secp256k1_scalarmult.circom,library,False,False,0,0,0,0,0,0.5998613834381104,True,
circom-ecdsa,circom-ecdsa\scripts\eth_addr\eth_addr.circom,library,False,False,0,0,0,0,0,27.07845950126648,True,
circom-ecdsa,circom-ecdsa\scripts\groupsig\groupsig.circom,library,True,False,1,0,0,0,0,27.096678495407104,True,
circom-ecdsa,circom-ecdsa\scripts\pubkeygen\pubkeygen.circom,library,False,False,0,0,0,0,0,26.465026140213013,True,
circom-ecdsa,circom-ecdsa\scripts\verify\verify.circom,library,False,False,0,0,0,0,0,26.432574033737183,True,
circom-ecdsa,circom-ecdsa\circuits\vocdoni-keccak\keccak.circom,library,True,False,7,0,0,0,0,0.6158063411712646,True,
circom-ecdsa,circom-ecdsa\circuits\vocdoni-keccak\permutations.circom,library,True,False,8,0,0,0,0,0.5815401077270508,True,
circom-ecdsa,circom-ecdsa\circuits\vocdoni-keccak\utils.circom,library,True,False,6,0,0,0,0,0.28885817527770996,True,
circom-ecdsa,circom-ecdsa\circuits\zk-identity\eth.circom,library,True,False,2,0,0,0,0,0.6209526062011719,True,
circom-pairing,circom-pairing\circuits\bigint.circom,library,True,True,38,1,0,0,20,0.4961733818054199,True,
circom-pairing,circom-pairing\circuits\bigint_func.circom,library,False,False,0,0,0,0,0,0.31887292861938477,True,
circom-pairing,circom-pairing\circuits\bls12_381_func.circom,library,False,False,0,0,0,0,0,7.036462306976318,True,
circom-pairing,circom-pairing\circuits\bls12_381_hash_to_G2.circom,library,True,True,9,0,0,0,1,8.059721231460571,True,
circom-pairing,circom-pairing\circuits\bls_signature.circom,library,True,False,1,0,0,0,0,9.1184241771698,True,
circom-pairing,circom-pairing\circuits\curve.circom,library,True,True,7,0,5,0,0,0.7754323482513428,True,
circom-pairing,circom-pairing\circuits\curve_fp2.circom,library,True,True,8,0,5,0,0,11.913421392440796,True,
circom-pairing,circom-pairing\circuits\extra_curve.circom,library,True,True,5,0,0,0,5,8.967859983444214,True,
circom-pairing,circom-pairing\circuits\extra_field_circuits.circom,library,True,True,7,0,0,0,3,7.814007997512817,True,
circom-pairing,circom-pairing\circuits\field_elements_func.circom,library,False,False,0,0,0,0,0,0.37317347526550293,True,
circom-pairing,circom-pairing\circuits\final_exp.circom,library,True,False,8,0,0,0,0,7.746755599975586,True,
circom-pairing,circom-pairing\circuits\fp.circom,library,True,True,10,0,0,0,4,0.5576021671295166,True,
circom-pairing,circom-pairing\circuits\fp12.circom,library,True,False,17,0,0,0,0,7.484064817428589,True,
circom-pairing,circom-pairing\circuits\fp12_func.circom,library,False,False,0,0,0,0,0,0.38646912574768066,True,
circom-pairing,circom-pairing\circuits\fp2.circom,library,True,True,20,1,0,0,3,0.6628372669219971,True,
circom-pairing,circom-pairing\circuits\pairing.circom,library,True,False,18,0,0,0,0,8.823277711868286,True,
circom-pairing,circom-pairing\test\circuits\test_bls12-381_add.circom,library,False,False,0,0,0,0,0,0.7689599990844727,True,
circom-pairing,circom-pairing\test\circuits\test_bls12-381_double.circom,library,False,False,0,0,0,0,0,0.7655041217803955,True,
circom-pairing,circom-pairing\test\circuits\test_fp12_add_22.circom,library,False,False,0,0,0,0,0,7.471334218978882,True,
circom-pairing,circom-pairing\test\circuits\test_fp12_compression_32.circom,library,True,False,1,0,0,0,0,7.773288011550903,True,
circom-pairing,circom-pairing\test\circuits\test_fp12_cyclotomicExp_32.circom,library,False,False,0,0,0,0,0,7.780247211456299,True,
circom-pairing,circom-pairing\test\circuits\test_fp12_cyclotomicSquare_32.circom,library,False,False,0,0,0,0,0,7.7889556884765625,True,
circom-pairing,circom-pairing\test\circuits\test_fp12_invert_42.circom,library,False,False,0,0,0,0,0,7.594884157180786,True,
circom-pairing,circom-pairing\test\circuits\test_fp12_multiply2_32.circom,library,False,False,0,0,0,0,0,7.811053276062012,True,
circom-pairing,circom-pairing\test\circuits\test_fp12_multiply_32.circom,library,False,False,0,0,0,0,0,7.589788198471069,True,
circom-pairing,circom-pairing\test\circuits\test_fp12_pow4_32.circom,library,False,False,0,0,0,0,0,7.796921968460083,True,
circom-pairing,circom-pairing\test\circuits\test_fp2_add_22.circom,library,False,False,0,0,0,0,0,0.6480453014373779,True,
circom-pairing,circom-pairing\test\circuits\test_fp2_invert_42.circom,library,False,False,0,0,0,0,0,0.6532559394836426,True,
circom-pairing,circom-pairing\test\circuits\test_fp2_multiply_42.circom,library,False,False,0,0,0,0,0,0.6480138301849365,True,
circom-pairing,circom-pairing\test\circuits\test_linefunc_equal_32.circom,library,False,False,0,0,0,0,0,0.7682323455810547,True,
circom-pairing,circom-pairing\test\circuits\test_linefunc_unequal_32.circom,library,False,False,0,0,0,0,0,0.767890214920044,True,
circom-pairing,circom-pairing\test\circuits\test_multiply_linefunc_equal_32.circom,library,False,False,0,0,0,0,0,0.7596921920776367,True,
circom-pairing,circom-pairing\test\circuits\test_multiply_linefunc_unequal_32.circom,library,False,False,0,0,0,0,0,0.759817361831665,True,
circom-pairing,circom-pairing\test\circuits\test_secp256k1_add.circom,library,False,False,0,0,0,0,0,0.814755916595459,True,
circom-pairing,circom-pairing\scripts\addfp2\addfp2.circom,main,False,False,0,0,0,0,0,7.674502611160278,True,
circom-pairing,circom-pairing\scripts\dev\dev.circom,main,False,False,0,0,0,0,0,5.269958972930908,True,
circom-pairing,circom-pairing\scripts\dev\fp12carrymodp.circom,main,False,False,0,0,0,0,0,7.45691704750061,True,
circom-pairing,circom-pairing\scripts\finalexp\finalexp.circom,main,False,False,0,0,0,0,0,7.732062578201294,True,
circom-pairing,circom-pairing\scripts\fp12multiply\fp12multiply.circom,main,False,False,0,0,0,0,0,7.482735872268677,True,
circom-pairing,circom-pairing\scripts\fp12multiply\fp12multiplynocarry.circom,main,False,False,0,0,0,0,0,7.493221998214722,True,
circom-pairing,circom-pairing\scripts\fp12multiply\fp12multiply_55_7.circom,main,False,False,0,0,0,0,0,7.431581735610962,True,
circom-pairing,circom-pairing\scripts\linefunctionequal\input_linefunctionequal_35_11.circom,library,False,False,0,0,0,0,0,0.29178619384765625,True,
circom-pairing,circom-pairing\scripts\linefunctionequal\linefunctionequal.circom,main,False,False,0,0,0,0,0,0.6903951168060303,True,
circom-pairing,circom-pairing\scripts\linefunctionequal\linefunctionequal_35_11.circom,main,False,False,0,0,0,0,0,0.6861104965209961,True,
circom-pairing,circom-pairing\scripts\maptoG2\maptoG2.circom,library,False,False,0,0,0,0,0,8.080879926681519,True,
circom-pairing,circom-pairing\scripts\millerloop\millerloop.circom,main,False,False,0,0,0,0,0,7.385977268218994,True,
circom-pairing,circom-pairing\scripts\millerloop\millerloop_35_11.circom,main,False,False,0,0,0,0,0,0.689720630645752,True,
circom-pairing,circom-pairing\scripts\millerloop\millerloop_55_7.circom,main,False,False,0,0,0,0,0,0.7122983932495117,True,
circom-pairing,circom-pairing\scripts\millerloopfp2\millerloopfp2.circom,main,False,False,0,0,0,0,0,7.694061994552612,True,
circom-pairing,circom-pairing\scripts\optimalate\optimalate.circom,main,False,False,0,0,0,0,0,8.353736400604248,True,
circom-pairing,circom-pairing\scripts\signature\signature.circom,library,False,False,0,0,0,0,0,9.04714846611023,True,
circom-pairing,circom-pairing\scripts\subgroupcheckG1\subgroupcheckG1.circom,library,False,False,0,0,0,0,0,8.074625968933105,True,
circom-pairing,circom-pairing\scripts\subgroupcheckG2\subgroupcheckG2.circom,library,False,False,0,0,0,0,0,8.055676460266113,True,
circom-pairing,circom-pairing\scripts\tatepairing\tatepairing.circom,main,False,False,0,0,0,0,0,8.45376968383789,True,
circom-pairing,circom-pairing\circuits\bn254\bn254_func.circom,library,False,False,0,0,0,0,0,3.4208457469940186,True,
circom-pairing,circom-pairing\circuits\bn254\curve.circom,library,True,True,2,0,0,0,1,0.7875175476074219,True,
circom-pairing,circom-pairing\circuits\bn254\curve_fp2.circom,library,True,True,8,0,5,0,0,0.8281643390655518,True,
circom-pairing,circom-pairing\circuits\bn254\final_exp.circom,library,True,False,8,0,0,0,0,4.251271963119507,True,
circom-pairing,circom-pairing\circuits\bn254\fp12.circom,library,True,False,19,0,0,0,0,4.006250381469727,True,
circom-pairing,circom-pairing\circuits\bn254\fp12_func.circom,library,False,False,0,0,0,0,0,0.35758495330810547,True,
circom-pairing,circom-pairing\circuits\bn254\groth16.circom,library,True,False,1,0,0,0,0,5.702556610107422,True,
circom-pairing,circom-pairing\circuits\bn254\pairing.circom,library,True,False,12,0,0,0,0,5.563913106918335,True,
circom-pairing,circom-pairing\circuits\bn254\subgroup_check.circom,library,True,False,1,0,0,0,0,4.085243225097656,True,
circomlib,circomlib\circuits\aliascheck.circom,library,False,False,0,0,0,0,0,0.3146779537200928,True,
circomlib,circomlib\circuits\babyjub.circom,library,True,True,6,0,0,0,1,0.346813440322876,True,
circomlib,circomlib\circuits\binsub.circom,library,True,False,1,0,0,0,0,0.2602224349975586,True,
circomlib,circomlib\circuits\binsum.circom,library,True,False,1,0,0,0,0,0.25801587104797363,True,
circomlib,circomlib\circuits\bitify.circom,library,True,True,5,1,0,0,2,0.30101847648620605,True,
circomlib,circomlib\circuits\comparators.circom,library,True,True,7,3,0,0,4,0.28304100036621094,True,
circomlib,circomlib\circuits\compconstant.circom,library,True,False,1,0,0,0,0,0.2863788604736328,True,
circomlib,circomlib\circuits\eddsa.circom,library,False,False,0,0,0,0,0,0.41341280937194824,True,
circomlib,circomlib\circuits\eddsamimc.circom,library,False,True,1,0,0,0,1,0.39247941970825195,True,
circomlib,circomlib\circuits\eddsamimcsponge.circom,library,False,True,1,0,0,0,1,0.38951683044433594,True,
circomlib,circomlib\circuits\eddsaposeidon.circom,library,False,True,1,0,0,0,1,2.699493885040283,True,
circomlib,circomlib\circuits\escalarmul.circom,library,True,False,2,0,0,0,0,0.4339163303375244,True,
circomlib,circomlib\circuits\escalarmulany.circom,library,True,True,6,1,0,0,0,0.36692214012145996,True,
circomlib,circomlib\circuits\escalarmulfix.circom,library,True,False,5,0,0,0,0,0.346355676651001,True,
circomlib,circomlib\circuits\escalarmulw4table.circom,library,False,False,0,0,0,0,0,0.2617819309234619,True,
circomlib,circomlib\circuits\gates.circom,library,True,False,7,0,0,0,0,0.2612338066101074,True,
circomlib,circomlib\circuits\mimc.circom,library,True,False,2,0,0,0,0,0.275219202041626,True,
circomlib,circomlib\circuits\mimcsponge.circom,library,True,False,3,0,0,0,0,0.2798483371734619,True,
circomlib,circomlib\circuits\montgomery.circom,library,True,False,4,0,0,0,0,0.2611534595489502,True,
circomlib,circomlib\circuits\multiplexer.circom,library,True,True,4,2,0,0,0,0.2688779830932617,True,
circomlib,circomlib\circuits\mux1.circom,library,True,False,2,0,0,0,0,0.2542142868041992,True,
circomlib,circomlib\circuits\mux2.circom,library,True,False,2,0,0,0,0,0.2651505470275879,True,
circomlib,circomlib\circuits\mux3.circom,library,True,False,2,0,0,0,0,0.28430986404418945,True,
circomlib,circomlib\circuits\mux4.circom,library,True,False,2,0,0,0,0,0.3254413604736328,True,
circomlib,circomlib\circuits\pedersen.circom,library,True,False,4,0,0,0,0,0.36797666549682617,True,
circomlib,circomlib\circuits\pedersen_old.circom,library,True,False,1,0,0,0,0,0.4228830337524414,True,
circomlib,circomlib\circuits\pointbits.circom,library,True,True,2,0,0,0,1,0.34636783599853516,True,
circomlib,circomlib\circuits\poseidon.circom,library,True,False,7,0,0,0,0,2.5152676105499268,True,
circomlib,circomlib\circuits\poseidon_constants.circom,library,False,False,0,0,0,0,0,2.5449862480163574,True,
circomlib,circomlib\circuits\poseidon_constants_old.circom,library,False,False,0,0,0,0,0,1.0800447463989258,True,
circomlib,circomlib\circuits\poseidon_old.circom,library,True,False,4,0,0,0,0,2.5084404945373535,True,
circomlib,circomlib\circuits\sign.circom,library,True,False,1,0,0,0,0,0.27513599395751953,True,
circomlib,circomlib\circuits\switcher.circom,library,True,False,2,0,0,0,0,0.26686549186706543,True,
circomlib,circomlib\test\circuits\aliascheck_test.circom,main,False,False,0,0,0,0,0,0.2646615505218506,True,
circomlib,circomlib\test\circuits\babyadd_tester.circom,main,False,False,0,0,0,0,0,0.32495546340942383,True,
circomlib,circomlib\test\circuits\babycheck_test.circom,main,False,False,0,0,0,0,0,0.32082033157348633,True,
circomlib,circomlib\test\circuits\babypbk_test.circom,main,False,False,0,0,0,0,0,0.316225528717041,True,
circomlib,circomlib\test\circuits\binsub_test.circom,main,True,True,2,0,0,0,2,0.2773621082305908,True,
circomlib,circomlib\test\circuits\constants_test.circom,library,False,False,0,0,0,0,0,0.2583034038543701,True,
circomlib,circomlib\test\circuits\eddsamimc_test.circom,main,False,False,0,0,0,0,0,0.3582892417907715,True,
circomlib,circomlib\test\circuits\eddsaposeidon_test.circom,main,False,False,0,0,0,0,0,2.5998194217681885,True,
circomlib,circomlib\test\circuits\eddsa_test.circom,main,False,False,0,0,0,0,0,0.38721513748168945,True,
circomlib,circomlib\test\circuits\edwards2montgomery.circom,main,False,False,0,0,0,0,0,0.26073384284973145,True,
circomlib,circomlib\test\circuits\escalarmulany_test.circom,main,True,True,2,1,0,0,1,0.34050440788269043,True,
circomlib,circomlib\test\circuits\escalarmulfix_test.circom,main,True,True,1,0,0,0,1,0.32966089248657227,True,
circomlib,circomlib\test\circuits\escalarmulw4table.circom,main,False,False,0,0,0,0,0,0.2620248794555664,True,
circomlib,circomlib\test\circuits\escalarmulw4table_test.circom,main,True,False,1,0,0,0,0,0.25978517532348633,True,
circomlib,circomlib\test\circuits\escalarmulw4table_test3.circom,main,True,False,1,0,0,0,0,0.2597489356994629,True,
circomlib,circomlib\test\circuits\escalarmul_min_test.circom,main,True,False,1,0,0,0,0,0.3704240322113037,True,
circomlib,circomlib\test\circuits\escalarmul_test.circom,main,True,True,1,0,0,0,1,0.3686501979827881,True,
circomlib,circomlib\test\circuits\escalarmul_test_min.circom,main,True,False,1,0,0,0,0,0.36796116828918457,True,
circomlib,circomlib\test\circuits\greatereqthan.circom,main,False,False,0,0,0,0,0,0.27470827102661133,True,
circomlib,circomlib\test\circuits\greaterthan.circom,main,False,False,0,0,0,0,0,0.29105377197265625,True,
circomlib,circomlib\test\circuits\isequal.circom,main,False,False,0,0,0,0,0,0.29949355125427246,True,
circomlib,circomlib\test\circuits\iszero.circom,main,False,False,0,0,0,0,0,0.2803339958190918,True,
circomlib,circomlib\test\circuits\lesseqthan.circom,main,False,False,0,0,0,0,0,0.2720048427581787,True,
circomlib,circomlib\test\circuits\lessthan.circom,main,False,False,0,0,0,0,0,0.27304911613464355,True,
circomlib,circomlib\test\circuits\mimc_sponge_hash_test.circom,main,False,False,0,0,0,0,0,0.2637300491333008,True,
circomlib,circomlib\test\circuits\mimc_sponge_test.circom,main,False,False,0,0,0,0,0,0.263469934463501,True,
circomlib,circomlib\test\circuits\mimc_test.circom,main,False,False,0,0,0,0,0,0.26498889923095703,True,
circomlib,circomlib\test\circuits\montgomery2edwards.circom,main,False,False,0,0,0,0,0,0.26277947425842285,True,
circomlib,circomlib\test\circuits\montgomeryadd.circom,main,False,False,0,0,0,0,0,0.26223134994506836,True,
circomlib,circomlib\test\circuits\montgomerydouble.circom,main,False,False,0,0,0,0,0,0.26421523094177246,True,
circomlib,circomlib\test\circuits\mux1_1.circom,main,True,True,1,0,0,0,1,0.2775533199310303,True,
circomlib,circomlib\test\circuits\mux2_1.circom,main,True,True,1,0,0,0,1,0.2796812057495117,True,
circomlib,circomlib\test\circuits\mux3_1.circom,main,True,True,1,0,0,0,1,0.2858107089996338,True,
circomlib,circomlib\test\circuits\mux4_1.circom,main,True,True,1,0,0,0,1,0.3207271099090576,True,
circomlib,circomlib\test\circuits\pedersen2_test.circom,main,False,True,1,0,0,0,1,0.34745073318481445,True,
circomlib,circomlib\test\circuits\pedersen_test.circom,main,False,False,0,0,0,0,0,0.37804317474365234,True,
circomlib,circomlib\test\circuits\pointbits_loopback.circom,main,False,True,1,0,0,0,1,0.33020830154418945,True,
circomlib,circomlib\test\circuits\poseidon3_test.circom,main,False,False,0,0,0,0,0,2.5064589977264404,True,
circomlib,circomlib\test\circuits\poseidon6_test.circom,main,False,False,0,0,0,0,0,2.5719454288482666,True,
circomlib,circomlib\test\circuits\poseidonex_test.circom,main,False,False,0,0,0,0,0,2.5392653942108154,True,
circomlib,circomlib\test\circuits\sha256_2_test.circom,main,True,False,1,0,0,0,0,0.35324954986572266,True,
circomlib,circomlib\test\circuits\sha256_test448.circom,main,False,False,0,0,0,0,0,0.35509705543518066,True,
circomlib,circomlib\test\circuits\sha256_test512.circom,main,False,False,0,0,0,0,0,0.35413455963134766,True,
circomlib,circomlib\test\circuits\sign_test.circom,main,False,False,0,0,0,0,0,0.27390384674072266,True,
circomlib,circomlib\test\circuits\smtprocessor10_test.circom,main,False,False,0,0,0,0,0,2.527740478515625,True,
circomlib,circomlib\test\circuits\smtverifier10_test.circom,main,False,False,0,0,0,0,0,2.618969678878784,True,
circomlib,circomlib\test\circuits\sum_test.circom,main,True,True,2,0,0,0,2,0.2811868190765381,True,
circomlib,circomlib\circuits\sha256\ch.circom,library,True,False,1,0,0,0,0,0.2594273090362549,True,
circomlib,circomlib\circuits\sha256\constants.circom,library,True,False,2,0,0,0,0,0.257936954498291,True,
circomlib,circomlib\circuits\sha256\main.circom,main,True,False,1,0,0,0,0,0.35382556915283203,True,
circomlib,circomlib\circuits\sha256\maj.circom,library,True,False,1,0,0,0,0,0.2562103271484375,True,
circomlib,circomlib\circuits\sha256\rotate.circom,library,True,False,1,0,0,0,0,0.2532789707183838,True,
circomlib,circomlib\circuits\sha256\sha256.circom,library,True,False,1,0,0,0,0,0.3850083351135254,True,
circomlib,circomlib\circuits\sha256\sha256compression.circom,library,True,False,1,0,0,0,0,0.37107300758361816,True,
circomlib,circomlib\circuits\sha256\sha256compression_function.circom,library,False,False,0,0,0,0,0,0.27513694763183594,True,
circomlib,circomlib\circuits\sha256\sha256_2.circom,library,True,False,1,0,0,0,0,0.38388705253601074,True,
circomlib,circomlib\circuits\sha256\shift.circom,library,True,False,1,0,0,0,0,0.2561461925506592,True,
circomlib,circomlib\circuits\sha256\sigma.circom,library,True,False,2,0,0,0,0,0.27069854736328125,True,
circomlib,circomlib\circuits\sha256\sigmaplus.circom,library,True,False,1,0,0,0,0,0.28242921829223633,True,
circomlib,circomlib\circuits\sha256\t1.circom,library,True,False,1,0,0,0,0,0.2867310047149658,True,
circomlib,circomlib\circuits\sha256\t2.circom,library,True,False,1,0,0,0,0,0.27668118476867676,True,
circomlib,circomlib\circuits\sha256\xor3.circom,library,True,False,1,0,0,0,0,0.256730318069458,True,
circomlib,circomlib\circuits\smt\smthash_mimc.circom,library,True,False,2,0,0,0,0,0.26504993438720703,True,
circomlib,circomlib\circuits\smt\smthash_poseidon.circom,library,False,False,0,0,0,0,0,2.569413900375366,True,
circomlib,circomlib\circuits\smt\smtlevins.circom,library,True,False,1,0,0,0,0,0.2699906826019287,True,
circomlib,circomlib\circuits\smt\smtprocessor.circom,library,True,True,2,0,0,0,2,2.563826560974121,True,
circomlib,circomlib\circuits\smt\smtprocessorlevel.circom,library,True,False,2,0,0,0,0,0.25847935676574707,True,
circomlib,circomlib\circuits\smt\smtprocessorsm.circom,library,True,False,6,0,0,0,0,0.2602219581604004,True,
circomlib,circomlib\circuits\smt\smtverifier.circom,library,False,True,3,1,0,0,2,2.563535213470459,True,
circomlib,circomlib\circuits\smt\smtverifierlevel.circom,library,True,False,1,0,0,0,0,0.2556490898132324,True,
circomlib,circomlib\circuits\smt\smtverifiersm.circom,library,True,False,5,0,0,0,0,0.2527735233306885,True,
circomlib-matrix,circomlib-matrix\circuits\matAdd.circom,library,True,False,1,0,0,0,0,0.2588622570037842,True,
circomlib-matrix,circomlib-matrix\circuits\matElemMul.circom,library,True,False,1,0,0,0,0,0.2531862258911133,True,
circomlib-matrix,circomlib-matrix\circuits\matElemPow.circom,library,True,False,1,0,0,0,0,0.25853395462036133,True,
circomlib-matrix,circomlib-matrix\circuits\matElemSum.circom,library,True,False,1,0,0,0,0,0.25682997703552246,True,
circomlib-matrix,circomlib-matrix\circuits\matMul.circom,library,True,False,1,0,0,0,0,0.2592470645904541,True,
circomlib-matrix,circomlib-matrix\circuits\matPow.circom,library,True,False,1,0,0,0,0,0.2705566883087158,True,
circomlib-matrix,circomlib-matrix\circuits\matScalarAdd.circom,library,True,False,1,0,0,0,0,0.25490498542785645,True,
circomlib-matrix,circomlib-matrix\circuits\matScalarMul.circom,library,True,False,1,0,0,0,0,0.2560291290283203,True,
circomlib-matrix,circomlib-matrix\circuits\matScalarSub.circom,library,True,False,1,0,0,0,0,0.25720858573913574,True,
circomlib-matrix,circomlib-matrix\circuits\matSub.circom,library,True,False,1,0,0,0,0,0.25040626525878906,True,
circomlib-matrix,circomlib-matrix\circuits\outer.circom,library,True,False,1,0,0,0,0,0.25164103507995605,True,
circomlib-matrix,circomlib-matrix\circuits\power.circom,library,True,False,1,0,0,0,0,0.2674541473388672,True,
circomlib-matrix,circomlib-matrix\circuits\trace.circom,library,True,False,1,0,0,0,0,0.2551534175872803,True,
circomlib-matrix,circomlib-matrix\circuits\transpose.circom,library,True,False,1,0,0,0,0,0.251758337020874,True,
circomlib-matrix,circomlib-matrix\test\circuits\matAdd_test.circom,main,False,False,0,0,0,0,0,0.25554394721984863,True,
circomlib-matrix,circomlib-matrix\test\circuits\matElemMul_test.circom,main,False,False,0,0,0,0,0,0.2527446746826172,True,
circomlib-matrix,circomlib-matrix\test\circuits\matElemPow_test.circom,main,False,False,0,0,0,0,0,0.2539098262786865,True,
circomlib-matrix,circomlib-matrix\test\circuits\matMul_test.circom,main,False,False,0,0,0,0,0,0.2684977054595947,True,
circomlib-matrix,circomlib-matrix\test\circuits\matPow_test.circom,main,False,False,0,0,0,0,0,0.26891279220581055,True,
circomlib-matrix,circomlib-matrix\test\circuits\matScalarAdd_test.circom,main,False,False,0,0,0,0,0,0.2569396495819092,True,
circomlib-matrix,circomlib-matrix\test\circuits\matScalarMul_test.circom,main,False,False,0,0,0,0,0,0.2613682746887207,True,
circomlib-matrix,circomlib-matrix\test\circuits\matScalarSub_test.circom,main,False,False,0,0,0,0,0,0.25792479515075684,True,
circomlib-matrix,circomlib-matrix\test\circuits\matSub_test.circom,main,False,False,0,0,0,0,0,0.25574374198913574,True,
circomlib-matrix,circomlib-matrix\test\circuits\outer_test.circom,main,False,False,0,0,0,0,0,0.2567124366760254,True,
circomlib-matrix,circomlib-matrix\test\circuits\trace_test.circom,main,False,False,0,0,0,0,0,0.25727105140686035,True,
circomlib-matrix,circomlib-matrix\test\circuits\tranpose_test.circom,main,False,False,0,0,0,0,0,0.2565455436706543,True,
circomlib-ml,circomlib-ml\circuits\ArgMax.circom,library,True,False,1,0,0,0,0,0.28316807746887207,True,
circomlib-ml,circomlib-ml\circuits\AveragePooling2D.circom,library,True,False,1,0,0,0,0,0.2943713665008545,True,
circomlib-ml,circomlib-ml\circuits\BatchNormalization2D.circom,library,True,False,1,0,0,0,0,0.26039576530456543,True,
circomlib-ml,circomlib-ml\circuits\Conv1D.circom,library,True,False,1,0,0,0,0,0.2933535575866699,True,
circomlib-ml,circomlib-ml\circuits\Conv2D.circom,library,True,False,1,0,0,0,0,0.30276012420654297,True,
circomlib-ml,circomlib-ml\circuits\Dense.circom,library,True,False,1,0,0,0,0,0.27479004859924316,True,
circomlib-ml,circomlib-ml\circuits\Flatten2D.circom,library,True,False,1,0,0,0,0,0.2583954334259033,True,
circomlib-ml,circomlib-ml\circuits\GlobalAveragePooling2D.circom,library,True,False,1,0,0,0,0,0.28690242767333984,True,
circomlib-ml,circomlib-ml\circuits\GlobalMaxPooling2D.circom,library,True,False,1,0,0,0,0,0.2787463665008545,True,
circomlib-ml,circomlib-ml\circuits\GlobalSumPooling2D.circom,library,True,False,1,0,0,0,0,0.28560686111450195,True,
circomlib-ml,circomlib-ml\circuits\MaxPooling2D.circom,library,True,False,1,0,0,0,0,0.28629112243652344,True,
circomlib-ml,circomlib-ml\circuits\Poly.circom,library,True,False,1,0,0,0,0,0.25849008560180664,True,
circomlib-ml,circomlib-ml\circuits\ReLU.circom,library,True,True,1,0,0,0,1,0.28194260597229004,True,
circomlib-ml,circomlib-ml\circuits\SumPooling2D.circom,library,True,False,1,0,0,0,0,0.2909243106842041,True,
circomlib-ml,circomlib-ml\circuits\util.circom,library,True,True,4,0,0,0,2,0.27939367294311523,True,
circomlib-ml,circomlib-ml\test\circuits\AveragePooling2D_stride_test.circom,main,False,False,0,0,0,0,0,0.2836122512817383,True,
circomlib-ml,circomlib-ml\test\circuits\AveragePooling2D_test.circom,main,False,False,0,0,0,0,0,0.2855405807495117,True,
circomlib-ml,circomlib-ml\test\circuits\BatchNormalization_test.circom,main,False,False,0,0,0,0,0,0.25294923782348633,True,
circomlib-ml,circomlib-ml\test\circuits\Conv1D_test.circom,main,False,False,0,0,0,0,0,0.2944338321685791,True,
circomlib-ml,circomlib-ml\test\circuits\Conv2D_stride_test.circom,main,False,False,0,0,0,0,0,0.29827046394348145,True,
circomlib-ml,circomlib-ml\test\circuits\Conv2D_test.circom,main,False,False,0,0,0,0,0,0.3057262897491455,True,
circomlib-ml,circomlib-ml\test\circuits\decryptMultiple_test.circom,main,False,False,0,0,0,0,0,0.26637911796569824,True,
circomlib-ml,circomlib-ml\test\circuits\decrypt_test.circom,main,False,False,0,0,0,0,0,0.26716041564941406,True,
circomlib-ml,circomlib-ml\test\circuits\Dense_test.circom,main,False,False,0,0,0,0,0,0.2653374671936035,True,
circomlib-ml,circomlib-ml\test\circuits\ecdh_test.circom,main,False,False,0,0,0,0,0,0.3468794822692871,True,
circomlib-ml,circomlib-ml\test\circuits\encryptDecrypt_test.circom,main,False,True,2,0,0,0,2,0.35513854026794434,True,
circomlib-ml,circomlib-ml\test\circuits\encrypted_mnist_latest_test.circom,main,True,True,2,0,0,0,2,0.4585089683532715,True,
circomlib-ml,circomlib-ml\test\circuits\encryptMultiple_test.circom,main,False,False,0,0,0,0,0,0.2732088565826416,True,
circomlib-ml,circomlib-ml\test\circuits\encrypt_test.circom,main,False,False,0,0,0,0,0,0.2908945083618164,True,
circomlib-ml,circomlib-ml\test\circuits\Flatten2D_test.circom,main,False,False,0,0,0,0,0,0.26061439514160156,True,
circomlib-ml,circomlib-ml\test\circuits\GlobalAveragePooling2D_test.circom,main,False,False,0,0,0,0,0,0.2913534641265869,True,
circomlib-ml,circomlib-ml\test\circuits\GlobalMaxPooling2D_test.circom,main,False,False,0,0,0,0,0,0.2827143669128418,True,
circomlib-ml,circomlib-ml\test\circuits\IsNegative_test.circom,main,False,False,0,0,0,0,0,0.2837555408477783,True,
circomlib-ml,circomlib-ml\test\circuits\IsPositive_test.circom,main,False,False,0,0,0,0,0,0.28009963035583496,True,
circomlib-ml,circomlib-ml\test\circuits\MaxPooling2D_stride_test.circom,main,False,False,0,0,0,0,0,0.29500341415405273,True,
circomlib-ml,circomlib-ml\test\circuits\MaxPooling2D_test.circom,main,False,False,0,0,0,0,0,0.282900333404541,True,
circomlib-ml,circomlib-ml\test\circuits\Max_test.circom,main,False,False,0,0,0,0,0,0.27802443504333496,True,
circomlib-ml,circomlib-ml\test\circuits\mnist_convnet_test.circom,main,True,False,2,0,0,0,0,0.34482550621032715,True,
circomlib-ml,circomlib-ml\test\circuits\mnist_latest_precision_test.circom,main,True,False,2,0,0,0,0,0.35865044593811035,True,
circomlib-ml,circomlib-ml\test\circuits\mnist_latest_test.circom,main,True,False,2,0,0,0,0,0.35283374786376953,True,
circomlib-ml,circomlib-ml\test\circuits\mnist_test.circom,main,True,False,2,0,0,0,0,0.31716012954711914,True,
circomlib-ml,circomlib-ml\test\circuits\model1_test.circom,main,True,False,1,0,0,0,0,0.2880373001098633,True,
circomlib-ml,circomlib-ml\test\circuits\publicKey_test.circom,main,False,False,0,0,0,0,0,0.31598949432373047,True,
circomlib-ml,circomlib-ml\test\circuits\ReLU_test.circom,main,True,False,1,0,0,0,0,0.2757420539855957,True,
circomlib-ml,circomlib-ml\test\circuits\SumPooling2D_stride_test.circom,main,False,False,0,0,0,0,0,0.2942485809326172,True,
circomlib-ml,circomlib-ml\test\circuits\SumPooling2D_test.circom,main,False,False,0,0,0,0,0,0.284456729888916,True,
circomlib-ml,circomlib-ml\circuits\circomlib\aliascheck.circom,library,False,False,0,0,0,0,0,0.275254487991333,True,
circomlib-ml,circomlib-ml\circuits\circomlib\babyjub.circom,library,True,True,6,0,0,0,1,0.3346238136291504,True,
circomlib-ml,circomlib-ml\circuits\circomlib\binsum.circom,library,True,False,1,0,0,0,0,0.2599296569824219,True,
circomlib-ml,circomlib-ml\circuits\circomlib\bitify.circom,library,True,True,5,1,0,0,2,0.27094006538391113,True,
circomlib-ml,circomlib-ml\circuits\circomlib\comparators.circom,library,True,True,7,3,0,0,4,0.2751591205596924,True,
circomlib-ml,circomlib-ml\circuits\circomlib\compconstant.circom,library,True,False,1,0,0,0,0,0.2717905044555664,True,
circomlib-ml,circomlib-ml\circuits\circomlib\escalarmulany.circom,library,True,True,6,1,0,0,0,0.35804009437561035,True,
circomlib-ml,circomlib-ml\circuits\circomlib\escalarmulfix.circom,library,True,False,5,0,0,0,0,0.3359677791595459,True,
circomlib-ml,circomlib-ml\circuits\circomlib\mimc.circom,library,True,False,2,0,0,0,0,0.2637319564819336,True,
circomlib-ml,circomlib-ml\circuits\circomlib\montgomery.circom,library,True,False,4,0,0,0,0,0.26480770111083984,True,
circomlib-ml,circomlib-ml\circuits\circomlib\mux3.circom,library,True,False,2,0,0,0,0,0.28006982803344727,True,
circomlib-ml,circomlib-ml\circuits\circomlib\sign.circom,library,True,False,1,0,0,0,0,0.2693355083465576,True,
circomlib-ml,circomlib-ml\circuits\circomlib\switcher.circom,library,True,False,2,0,0,0,0,0.2579982280731201,True,
circomlib-ml,circomlib-ml\circuits\circomlib-matrix\matElemMul.circom,library,True,False,1,0,0,0,0,0.25643467903137207,True,
circomlib-ml,circomlib-ml\circuits\circomlib-matrix\matElemSum.circom,library,True,False,1,0,0,0,0,0.2532343864440918,True,
circomlib-ml,circomlib-ml\circuits\circomlib-matrix\matMul.circom,library,True,False,1,0,0,0,0,0.26339197158813477,True,
circomlib-ml,circomlib-ml\circuits\crypto\ecdh.circom,library,True,True,2,1,0,0,1,0.36299848556518555,True,
circomlib-ml,circomlib-ml\circuits\crypto\encrypt.circom,library,True,False,4,0,0,0,0,0.266829252243042,True,
circomlib-ml,circomlib-ml\circuits\crypto\publickey_derivation.circom,library,True,True,1,0,0,0,1,0.3435671329498291,True,
darkforest-eth-9033eaf,darkforest-eth-9033eaf\biomebase.circom,library,True,True,2,0,0,0,1,0.358811616897583,True,
darkforest-eth-9033eaf,darkforest-eth-9033eaf\CalculateTotal.circom,library,True,False,1,0,0,0,0,0.26567935943603516,True,
darkforest-eth-9033eaf,darkforest-eth-9033eaf\init.circom,library,True,True,2,0,0,0,2,0.3509645462036133,True,
darkforest-eth-9033eaf,darkforest-eth-9033eaf\move.circom,library,True,True,5,0,0,0,5,0.3592984676361084,True,
darkforest-eth-9033eaf,darkforest-eth-9033eaf\perlin.circom,library,True,True,21,0,0,0,8,0.35128331184387207,True,
darkforest-eth-9033eaf,darkforest-eth-9033eaf\QuinSelector.circom,library,True,False,1,0,0,0,0,0.2819652557373047,True,
darkforest-eth-9033eaf,darkforest-eth-9033eaf\range_proof.circom,library,False,True,3,0,0,0,3,0.2696206569671631,True,
darkforest-eth-9033eaf,darkforest-eth-9033eaf\reveal.circom,library,True,True,2,0,0,0,2,0.34328150749206543,True,
darkforest-eth-9033eaf,darkforest-eth-9033eaf\whitelist.circom,library,True,False,1,0,0,0,0,0.2723097801208496,True,
ed25519-099d19c-fixed,ed25519-099d19c-fixed\batchverify.circom,library,False,False,0,0,0,0,0,1.1509158611297607,False,"
thread 'main' has overflowed its stack
error: process didn't exit successfully: `target\release\circomspect.exe D:\dev\circomspect\benchmarks\projects\ed25519-099d19c-fixed\batchverify.circom --mode all --leak-threshold 8 --min-leak-severity Low` (exit code: 0xc00000fd, STATUS_STACK_OVERFLOW)"
ed25519-099d19c-fixed,ed25519-099d19c-fixed\binadd.circom,library,True,False,6,0,0,0,0,0.2891554832458496,True,
ed25519-099d19c-fixed,ed25519-099d19c-fixed\binmul.circom,library,True,False,1,0,0,0,0,0.28439950942993164,True,
ed25519-099d19c-fixed,ed25519-099d19c-fixed\binsub.circom,library,True,False,1,0,0,0,0,0.27274417877197266,True,
ed25519-099d19c-fixed,ed25519-099d19c-fixed\chunkedadd.circom,library,True,False,2,0,0,0,0,0.288043737411499,True,
ed25519-099d19c-fixed,ed25519-099d19c-fixed\chunkedmul.circom,library,True,False,2,0,0,0,0,0.31809353828430176,True,
ed25519-099d19c-fixed,ed25519-099d19c-fixed\chunkedsub.circom,library,True,True,6,0,2,0,0,0.27945399284362793,True,
ed25519-099d19c-fixed,ed25519-099d19c-fixed\chunkify.circom,library,True,False,1,0,0,0,0,0.26853156089782715,True,
ed25519-099d19c-fixed,ed25519-099d19c-fixed\inversemodulo.circom,library,False,False,0,0,0,0,0,0.8786003589630127,False,"
thread 'main' has overflowed its stack
error: process didn't exit successfully: `target\release\circomspect.exe D:\dev\circomspect\benchmarks\projects\ed25519-099d19c-fixed\inversemodulo.circom --mode all --leak-threshold 8 --min-leak-severity Low` (exit code: 0xc00000fd, STATUS_STACK_OVERFLOW)"
ed25519-099d19c-fixed,ed25519-099d19c-fixed\lt.circom,library,True,True,2,1,1,0,0,0.27997851371765137,True,
ed25519-099d19c-fixed,ed25519-099d19c-fixed\modinv.circom,library,False,False,0,0,0,0,0,0.8533985614776611,False,"
thread 'main' has overflowed its stack
error: process didn't exit successfully: `target\release\circomspect.exe D:\dev\circomspect\benchmarks\projects\ed25519-099d19c-fixed\modinv.circom --mode all --leak-threshold 8 --min-leak-severity Low` (exit code: 0xc00000fd, STATUS_STACK_OVERFLOW)"
ed25519-099d19c-fixed,ed25519-099d19c-fixed\modulus.circom,library,True,False,1,0,0,0,0,0.8487520217895508,True,
ed25519-099d19c-fixed,ed25519-099d19c-fixed\point-addition.circom,library,False,False,0,0,0,0,0,0.9191467761993408,False,"
thread 'main' has overflowed its stack
error: process didn't exit successfully: `target\release\circomspect.exe D:\dev\circomspect\benchmarks\projects\ed25519-099d19c-fixed\point-addition.circom --mode all --leak-threshold 8 --min-leak-severity Low` (exit code: 0xc00000fd, STATUS_STACK_OVERFLOW)"
ed25519-099d19c-fixed,ed25519-099d19c-fixed\pointcompress.circom,library,False,False,0,0,0,0,0,0.9021201133728027,False,"
thread 'main' has overflowed its stack
error: process didn't exit successfully: `target\release\circomspect.exe D:\dev\circomspect\benchmarks\projects\ed25519-099d19c-fixed\pointcompress.circom --mode all --leak-threshold 8 --min-leak-severity Low` (exit code: 0xc00000fd, STATUS_STACK_OVERFLOW)"
ed25519-099d19c-fixed,ed25519-099d19c-fixed\scalarmul.circom,library,False,False,0,0,0,0,0,0.9361245632171631,False,"
thread 'main' has overflowed its stack
error: process didn't exit successfully: `target\release\circomspect.exe D:\dev\circomspect\benchmarks\projects\ed25519-099d19c-fixed\scalarmul.circom --mode all --leak-threshold 8 --min-leak-severity Low` (exit code: 0xc00000fd, STATUS_STACK_OVERFLOW)"
ed25519-099d19c-fixed,ed25519-099d19c-fixed\utils.circom,library,False,False,0,0,0,0,0,0.2840399742126465,True,
ed25519-099d19c-fixed,ed25519-099d19c-fixed\verify.circom,library,False,False,0,0,0,0,0,1.0166270732879639,False,"
thread 'main' has overflowed its stack
error: process didn't exit successfully: `target\release\circomspect.exe D:\dev\circomspect\benchmarks\projects\ed25519-099d19c-fixed\verify.circom --mode all --leak-threshold 8 --min-leak-severity Low` (exit code: 0xc00000fd, STATUS_STACK_OVERFLOW)"
ed25519-099d19c-fixed,ed25519-099d19c-fixed\sha512-0562652\ch.circom,library,True,False,1,0,0,0,0,0.2649567127227783,True,
ed25519-099d19c-fixed,ed25519-099d19c-fixed\sha512-0562652\constants.circom,library,True,False,2,0,0,0,0,0.2524585723876953,True,
ed25519-099d19c-fixed,ed25519-099d19c-fixed\sha512-0562652\maj.circom,library,True,False,1,0,0,0,0,0.25359225273132324,True,
ed25519-099d19c-fixed,ed25519-099d19c-fixed\sha512-0562652\rotate.circom,library,True,False,1,0,0,0,0,0.2698707580566406,True,
ed25519-099d19c-fixed,ed25519-099d19c-fixed\sha512-0562652\sha512.circom,library,True,False,1,0,0,0,0,0.3942282199859619,True,
ed25519-099d19c-fixed,ed25519-099d19c-fixed\sha512-0562652\sha512compression.circom,library,True,False,1,0,0,0,0,0.3605828285217285,True,
ed25519-099d19c-fixed,ed25519-099d19c-fixed\sha512-0562652\shift.circom,library,True,False,1,0,0,0,0,0.256176233291626,True,
ed25519-099d19c-fixed,ed25519-099d19c-fixed\sha512-0562652\sigma.circom,library,True,False,2,0,0,0,0,0.27755260467529297,True,
ed25519-099d19c-fixed,ed25519-099d19c-fixed\sha512-0562652\sigmaplus.circom,library,True,False,1,0,0,0,0,0.27233147621154785,True,
ed25519-099d19c-fixed,ed25519-099d19c-fixed\sha512-0562652\t1.circom,library,True,False,1,0,0,0,0,0.28010129928588867,True,
ed25519-099d19c-fixed,ed25519-099d19c-fixed\sha512-0562652\t2.circom,library,True,False,1,0,0,0,0,0.2733039855957031,True,
ed25519-099d19c-fixed,ed25519-099d19c-fixed\sha512-0562652\xor3.circom,library,True,False,1,0,0,0,0,0.25722718238830566,True,
hermez-network-9a696e3-fixed,hermez-network-9a696e3-fixed\src\balance-updater.circom,library,True,True,5,0,0,0,2,0.3574542999267578,True,
hermez-network-9a696e3-fixed,hermez-network-9a696e3-fixed\src\compute-fee.circom,library,True,True,1,0,0,0,1,0.355790376663208,True,
hermez-network-9a696e3-fixed,hermez-network-9a696e3-fixed\src\decode-tx.circom,library,True,True,11,0,0,0,7,0.4143490791320801,True,
hermez-network-9a696e3-fixed,hermez-network-9a696e3-fixed\src\fee-accumulator.circom,library,True,True,3,1,0,0,0,0.3647754192352295,True,
hermez-network-9a696e3-fixed,hermez-network-9a696e3-fixed\src\fee-tx.circom,library,True,True,2,1,0,0,1,0.5240476131439209,True,
hermez-network-9a696e3-fixed,hermez-network-9a696e3-fixed\src\hash-inputs.circom,library,True,True,7,0,0,0,7,0.501986026763916,True,
hermez-network-9a696e3-fixed,hermez-network-9a696e3-fixed\src\rollup-main.circom,library,False,False,0,0,0,0,0,0.2663760185241699,True,
hermez-network-9a696e3-fixed,hermez-network-9a696e3-fixed\src\rollup-tx-states.circom,library,True,True,15,7,0,0,0,0.383944034576416,True,
hermez-network-9a696e3-fixed,hermez-network-9a696e3-fixed\src\rollup-tx.circom,library,True,True,14,7,3,0,4,0.6735472679138184,True,
hermez-network-9a696e3-fixed,hermez-network-9a696e3-fixed\src\rq-tx-verifier.circom,library,False,True,1,0,0,0,1,0.3077845573425293,True,
hermez-network-9a696e3-fixed,hermez-network-9a696e3-fixed\src\withdraw.circom,library,False,False,0,0,0,0,0,0.2706899642944336,True,
hermez-network-9a696e3-fixed,hermez-network-9a696e3-fixed\src\lib\decode-float.circom,library,True,True,2,0,0,0,1,0.2826716899871826,True,
hermez-network-9a696e3-fixed,hermez-network-9a696e3-fixed\src\lib\hash-state.circom,library,False,False,0,0,0,0,0,0.3402395248413086,True,
hermez-network-9a696e3-fixed,hermez-network-9a696e3-fixed\src\lib\mux256.circom,library,True,False,1,0,0,0,0,0.3531482219696045,True,
hermez-network-9a696e3-fixed,hermez-network-9a696e3-fixed\src\lib\utils-bjj.circom,library,True,True,3,0,0,0,1,0.2876558303833008,True,
hydra-2010a65,hydra-2010a65\hydra-s1.circom,library,False,True,4,0,0,0,4,2.763273000717163,True,
hydra-2010a65,hydra-2010a65\common\verify-hydra-commitment.circom,library,False,True,1,0,0,0,1,2.67008376121521,True,
hydra-2010a65,hydra-2010a65\common\verify-merkle-path.circom,library,True,False,1,0,0,0,0,2.54949951171875,True,
iden3-core-56a08f9,iden3-core-56a08f9\authentication.circom,library,False,True,2,0,0,0,2,2.79122257232666,True,
iden3-core-56a08f9,iden3-core-56a08f9\authenticationWithRelay.circom,library,False,True,3,0,0,0,3,2.821587085723877,True,
iden3-core-56a08f9,iden3-core-56a08f9\idOwnershipBySignature.circom,library,False,True,2,0,0,0,2,2.795755386352539,True,
iden3-core-56a08f9,iden3-core-56a08f9\idOwnershipBySignatureWithRelay.circom,library,False,True,3,0,0,0,3,2.8316454887390137,True,
iden3-core-56a08f9,iden3-core-56a08f9\stateTransition.circom,library,False,True,5,0,1,0,4,2.8293683528900146,True,
iden3-core-56a08f9,iden3-core-56a08f9\query\comparators.circom,library,True,False,1,0,0,0,0,0.29708027839660645,True,
iden3-core-56a08f9,iden3-core-56a08f9\query\credentialAtomicQueryMTP.circom,library,False,True,6,0,0,0,6,2.7986230850219727,True,
iden3-core-56a08f9,iden3-core-56a08f9\query\credentialAtomicQueryMTPWithRelay.circom,library,False,True,7,0,0,0,7,2.817375421524048,True,
iden3-core-56a08f9,iden3-core-56a08f9\query\credentialAtomicQuerySig.circom,library,False,True,8,0,0,0,8,2.7134621143341064,True,
iden3-core-56a08f9,iden3-core-56a08f9\query\query.circom,library,True,True,2,0,0,0,2,0.3008003234863281,True,
iden3-core-56a08f9,iden3-core-56a08f9\utils\claimUtils.circom,library,True,True,12,0,0,0,11,2.7424569129943848,True,
iden3-core-56a08f9,iden3-core-56a08f9\utils\treeUtils.circom,library,True,True,2,0,0,0,2,2.7105119228363037,True,
keccak256-circom-af3e898,keccak256-circom-af3e898\keccak.circom,library,True,False,7,0,0,0,0,0.6368346214294434,True,
keccak256-circom-af3e898,keccak256-circom-af3e898\permutations.circom,library,True,False,8,0,0,0,0,0.5665102005004883,True,
keccak256-circom-af3e898,keccak256-circom-af3e898\utils.circom,library,True,False,6,0,0,0,0,0.2886965274810791,True,
maci-9b1b1a6-fixed,maci-9b1b1a6-fixed\batchUpdateStateTree.circom,library,False,True,1,0,0,0,1,2.849839210510254,True,
maci-9b1b1a6-fixed,maci-9b1b1a6-fixed\decrypt.circom,library,True,False,1,0,0,0,0,0.3825247287750244,True,
maci-9b1b1a6-fixed,maci-9b1b1a6-fixed\ecdh.circom,library,True,True,2,1,0,0,1,0.3760974407196045,True,
maci-9b1b1a6-fixed,maci-9b1b1a6-fixed\hasherPoseidon.circom,library,False,False,0,0,0,0,0,2.578038215637207,True,
maci-9b1b1a6-fixed,maci-9b1b1a6-fixed\publickey_derivation.circom,library,True,True,1,0,0,0,1,0.35287976264953613,True,
maci-9b1b1a6-fixed,maci-9b1b1a6-fixed\quadVoteTally.circom,library,True,True,2,1,0,0,1,2.726137638092041,True,
maci-9b1b1a6-fixed,maci-9b1b1a6-fixed\updateStateTree.circom,library,True,True,16,10,0,0,6,2.7770767211914062,True,
maci-9b1b1a6-fixed,maci-9b1b1a6-fixed\verify_signature.circom,library,True,True,2,0,0,0,2,2.6872193813323975,True,
maci-9b1b1a6-fixed,maci-9b1b1a6-fixed\poseidon\poseidonHashT3.circom,library,False,False,0,0,0,0,0,2.6151793003082275,True,
maci-9b1b1a6-fixed,maci-9b1b1a6-fixed\poseidon\poseidonHashT6.circom,library,False,False,0,0,0,0,0,2.5357279777526855,True,
maci-9b1b1a6-fixed,maci-9b1b1a6-fixed\trees\calculateTotal.circom,library,True,False,1,0,0,0,0,0.25519347190856934,True,
maci-9b1b1a6-fixed,maci-9b1b1a6-fixed\trees\checkRoot.circom,library,True,False,1,0,0,0,0,2.493680477142334,True,
maci-9b1b1a6-fixed,maci-9b1b1a6-fixed\trees\incrementalMerkleTree.circom,library,True,False,2,0,0,0,0,2.5074403285980225,True,
maci-9b1b1a6-fixed,maci-9b1b1a6-fixed\trees\incrementalQuinTree.circom,library,True,False,4,0,0,0,0,2.627814292907715,True,
telepathy,telepathy\sdk\src\circuits\poseidon_sync_committee.circom,library,True,False,1,0,0,0,0,2.5424654483795166,True,
telepathy,telepathy\circuits\circuits\bls.circom,library,True,True,6,0,2,0,0,9.315647602081299,True,
telepathy,telepathy\circuits\circuits\constants.circom,library,False,False,0,0,0,0,0,0.25550270080566406,True,
telepathy,telepathy\circuits\circuits\hash_to_field.circom,library,True,False,4,0,0,0,0,0.4547402858734131,True,
telepathy,telepathy\circuits\circuits\inputs.circom,library,True,True,2,0,0,0,2,0.45742344856262207,True,
telepathy,telepathy\circuits\circuits\poseidon.circom,library,True,False,2,0,0,0,0,2.6050901412963867,True,
telepathy,telepathy\circuits\circuits\rotate.circom,library,False,False,0,0,0,0,0,11.970298051834106,True,
telepathy,telepathy\circuits\circuits\sha256.circom,library,True,False,2,0,0,0,0,0.4484431743621826,True,
telepathy,telepathy\circuits\circuits\ssz.circom,library,True,False,6,0,0,0,0,0.4414834976196289,True,
telepathy,telepathy\circuits\circuits\step.circom,library,False,True,3,0,0,0,3,12.000830173492432,True,
telepathy,telepathy\circuits\circuits\sync_committee.circom,library,True,False,1,0,0,0,0,9.573878765106201,True,
telepathy,telepathy\circuits\test\circuits\test_aggregate_bls_add_4.circom,library,False,False,0,0,0,0,0,0.25953221321105957,True,
telepathy,telepathy\circuits\test\circuits\test_aggregate_bls_add_512.circom,library,False,False,0,0,0,0,0,0.2549269199371338,True,
telepathy,telepathy\circuits\test\circuits\test_aggregate_bls_verify_512.circom,library,False,False,0,0,0,0,0,0.2513744831085205,True,
telepathy,telepathy\circuits\test\circuits\test_assert_valid_signed_header.circom,library,False,False,0,0,0,0,0,0.2503542900085449,True,
telepathy,telepathy\circuits\test\circuits\test_expand_message_xmd.circom,library,False,False,0,0,0,0,0,0.2532825469970703,True,
telepathy,telepathy\circuits\test\circuits\test_hash_to_field.circom,library,False,False,0,0,0,0,0,0.2517282962799072,True,
telepathy,telepathy\circuits\test\circuits\test_i2osp_1.circom,library,False,False,0,0,0,0,0,0.2507750988006592,True,
telepathy,telepathy\circuits\test\circuits\test_i2osp_2.circom,library,False,False,0,0,0,0,0,0.250166654586792,True,
telepathy,telepathy\circuits\test\circuits\test_poseidon_committment.circom,library,False,False,0,0,0,0,0,0.24830245971679688,True,
telepathy,telepathy\circuits\test\circuits\test_pubkey_bytes_to_big_int.circom,library,False,False,0,0,0,0,0,0.2533080577850342,True,
telepathy,telepathy\circuits\test\circuits\test_reborn.circom,main,False,False,0,0,0,0,0,0.2513408660888672,True,
telepathy,telepathy\circuits\test\circuits\test_sha_bytes_constraint_cost.circom,library,True,False,1,0,0,0,0,0.3835890293121338,True,
telepathy,telepathy\circuits\test\circuits\test_ssz_array_4.circom,library,False,False,0,0,0,0,0,0.2563357353210449,True,
telepathy,telepathy\circuits\test\circuits\test_sync_committee_committments.circom,main,False,False,0,0,0,0,0,0.2506222724914551,True,
telepathy,telepathy\circuits\test\circuits\test_template_assert_valid_signed_header.circom,library,True,False,1,0,0,0,0,0.2525920867919922,True,
telepathy,telepathy\circuits\circuits\pairing\bigint.circom,library,True,True,38,1,0,0,20,0.4916572570800781,True,
telepathy,telepathy\circuits\circuits\pairing\bigint_func.circom,library,False,False,0,0,0,0,0,0.31777119636535645,True,
telepathy,telepathy\circuits\circuits\pairing\bls12_381_func.circom,library,False,False,0,0,0,0,0,7.007572412490845,True,
telepathy,telepathy\circuits\circuits\pairing\bls12_381_hash_to_G2.circom,library,True,True,9,0,0,0,1,8.080033540725708,True,
telepathy,telepathy\circuits\circuits\pairing\bls_signature.circom,library,True,True,1,0,0,0,1,9.30287480354309,True,
telepathy,telepathy\circuits\circuits\pairing\curve.circom,library,True,True,7,0,5,0,0,0.7949540615081787,True,
telepathy,telepathy\circuits\circuits\pairing\curve_fp2.circom,library,True,True,8,0,5,0,0,11.942185878753662,True,
telepathy,telepathy\circuits\circuits\pairing\extra_curve.circom,library,True,True,5,0,0,0,5,7.935334920883179,True,
telepathy,telepathy\circuits\circuits\pairing\extra_field_circuits.circom,library,True,True,8,2,0,0,3,8.00514841079712,True,
telepathy,telepathy\circuits\circuits\pairing\field_elements_func.circom,library,False,False,0,0,0,0,0,0.2987630367279053,True,
telepathy,telepathy\circuits\circuits\pairing\final_exp.circom,library,True,False,8,0,0,0,0,7.927009582519531,True,
telepathy,telepathy\circuits\circuits\pairing\fp.circom,library,True,True,10,0,0,0,4,0.5687563419342041,True,
telepathy,telepathy\circuits\circuits\pairing\fp12.circom,library,True,False,17,0,0,0,0,7.664174318313599,True,
telepathy,telepathy\circuits\circuits\pairing\fp12_func.circom,library,False,False,0,0,0,0,0,0.2921168804168701,True,
telepathy,telepathy\circuits\circuits\pairing\fp2.circom,library,True,True,20,1,0,0,3,0.6319267749786377,True,
telepathy,telepathy\circuits\circuits\pairing\pairing.circom,library,True,False,18,0,0,0,0,8.803320407867432,True,
telepathy,telepathy\circuits\circuits\sha256\ch.circom,library,True,False,1,0,0,0,0,0.29557228088378906,True,
telepathy,telepathy\circuits\circuits\sha256\constants.circom,library,True,False,2,0,0,0,0,0.2818737030029297,True,
telepathy,telepathy\circuits\circuits\sha256\main.circom,main,True,False,1,0,0,0,0,0.38439512252807617,True,
telepathy,telepathy\circuits\circuits\sha256\maj.circom,library,True,False,1,0,0,0,0,0.29062795639038086,True,
telepathy,telepathy\circuits\circuits\sha256\rotate.circom,library,True,False,1,0,0,0,0,0.28554725646972656,True,
telepathy,telepathy\circuits\circuits\sha256\sha256.circom,library,True,False,1,0,0,0,0,0.396697998046875,True,
telepathy,telepathy\circuits\circuits\sha256\sha256compression.circom,library,True,False,1,0,0,0,0,0.40950989723205566,True,
telepathy,telepathy\circuits\circuits\sha256\sha256compression_function.circom,library,False,False,0,0,0,0,0,0.2824122905731201,True,
telepathy,telepathy\circuits\circuits\sha256\sha256_2.circom,library,True,False,1,0,0,0,0,0.38716554641723633,True,
telepathy,telepathy\circuits\circuits\sha256\shift.circom,library,True,False,1,0,0,0,0,0.25952863693237305,True,
telepathy,telepathy\circuits\circuits\sha256\sigma.circom,library,True,False,2,0,0,0,0,0.29557108879089355,True,
telepathy,telepathy\circuits\circuits\sha256\sigmaplus.circom,library,True,False,1,0,0,0,0,0.2918055057525635,True,
telepathy,telepathy\circuits\circuits\sha256\t1.circom,library,True,False,1,0,0,0,0,0.29407763481140137,True,
telepathy,telepathy\circuits\circuits\sha256\t2.circom,library,True,False,1,0,0,0,0,0.294696569442749,True,
telepathy,telepathy\circuits\circuits\sha256\xor3.circom,library,True,False,1,0,0,0,0,0.2636995315551758,True,
